elapsed_time_seconds,set_no,game_no,point_no,p1_sets,p2_sets,p1_games,p2_games,server,p1_points_won,p2_points_won,p1_break_pt,p2_break_pt,p1_break_pt_won,p2_break_pt_won,p1_momentum,p2_momentum,predicted_winner,true_winner
10653,3,13,223,1,1,6,6,2,112,111,0,0,0,0,0.525,0.475,1,1
4395,2,10,114,0,1,5,4,1,59,55,0,0,0,0,0.35,0.65,0,0
9154,3,5,176,1,1,3,1,2,86,90,0,0,0,0,0.5,0.5,0,0
1990,1,9,53,0,0,3,5,1,23,30,0,0,0,0,0.22499999999999998,0.775,0,0
779,1,3,21,0,0,1,1,2,10,11,0,0,0,0,0.475,0.525,0,0
16192,4,2,197,2,1,0,1,1,106,91,0,0,0,0,0.99,0.010000000000000009,1,1
4522,2,9,125,1,0,5,3,1,70,55,0,0,0,0,0.99,0.010000000000000009,1,1
12488,4,7,264,2,1,2,4,2,137,127,0,0,0,0,0.85,0.15000000000000002,1,1
1276,1,5,30,0,0,1,3,2,13,17,0,0,0,0,0.3,0.7,0,0
7947,3,11,216,1,1,5,5,1,112,104,0,0,0,0,0.7,0.30000000000000004,1,1
5606,3,7,134,1,1,4,2,1,71,63,0,0,0,0,0.8,0.19999999999999996,1,1
3299,2,3,80,1,0,0,2,2,45,35,1,0,1,0,0.95,0.050000000000000044,1,1
2639,1,9,62,0,0,5,3,1,33,29,0,0,0,0,0.7,0.30000000000000004,1,1
8316,3,3,130,0,2,1,1,2,63,67,0,0,0,0,0.01,0.99,0,0
4092,2,7,104,0,1,4,2,1,52,52,0,0,0,0,0.3,0.7,0,0
7222,3,13,205,2,0,6,6,1,108,97,0,0,0,0,0.99,0.010000000000000009,1,1
367,1,2,11,0,0,1,0,2,7,4,1,0,0,0,0.625,0.375,1,1
8295,3,4,184,2,0,3,0,2,102,82,0,0,0,0,0.99,0.010000000000000009,1,1
7868,3,8,197,0,2,4,3,2,95,102,0,0,0,0,0.01,0.99,0,0
6330,3,4,174,1,1,1,2,2,90,84,0,0,0,0,0.6000000000000001,0.3999999999999999,1,1
10215,3,9,173,0,2,4,4,2,85,88,0,0,0,0,0.01,0.99,0,0
3673,2,5,88,1,0,2,2,2,50,38,0,0,0,0,0.99,0.010000000000000009,1,1
732,1,3,17,0,0,1,1,2,7,10,0,0,0,0,0.425,0.575,0,0
3437,2,4,70,0,1,2,1,2,31,39,0,0,0,0,0.04999999999999999,0.95,0,0
6016,3,9,137,0,2,4,4,2,55,82,0,0,0,0,0.01,0.99,0,0
9086,4,1,215,2,1,0,0,2,112,103,0,0,0,0,0.925,0.07499999999999996,1,1
10506,3,13,220,1,1,6,6,2,111,109,0,0,0,0,0.55,0.44999999999999996,1,1
6748,3,3,129,1,1,1,1,2,67,62,0,0,0,0,0.625,0.375,1,1
4806,2,6,105,1,0,3,2,1,58,47,0,0,0,0,0.99,0.010000000000000009,1,1
6926,4,5,172,2,1,2,2,1,95,77,0,0,0,0,0.99,0.010000000000000009,1,1
4952,3,5,127,1,1,1,3,1,60,67,0,0,0,0,0.22499999999999998,0.775,0,0
1836,1,8,51,0,0,3,4,1,25,26,0,0,0,0,0.425,0.575,0,0
5236,3,6,127,1,1,3,2,2,67,60,1,0,0,0,0.725,0.275,1,1
8379,3,3,178,1,1,1,1,1,90,88,0,0,0,0,0.55,0.44999999999999996,1,1
4435,2,4,106,0,1,2,1,1,52,54,0,0,0,0,0.2,0.8,0,0
2874,1,10,64,0,0,5,4,2,32,32,0,0,0,0,0.55,0.44999999999999996,1,1
4293,2,8,107,0,1,5,2,2,53,54,0,0,0,0,0.325,0.675,0,0
680,1,4,19,0,0,3,0,2,13,6,0,0,0,0,0.825,0.17500000000000004,1,1
3636,2,2,87,0,1,0,1,1,40,47,0,0,0,0,0.01,0.99,0,0
6044,4,1,147,2,1,0,0,2,78,69,0,0,0,0,0.925,0.07499999999999996,1,1
7571,3,10,178,1,1,5,4,1,92,86,0,0,0,0,0.7,0.30000000000000004,1,1
2830,2,2,59,0,1,1,0,2,25,34,0,0,0,0,0.025000000000000022,0.975,0,0
3739,2,11,102,0,1,5,5,2,44,58,0,0,0,0,0.01,0.99,0,0
3764,2,6,95,1,0,1,4,1,49,46,0,0,0,0,0.725,0.275,1,1
2230,1,9,50,0,0,3,5,2,24,26,0,0,0,0,0.35,0.65,0,0
8927,4,4,189,1,2,1,2,2,85,104,0,0,0,0,0.01,0.99,0,0
10945,5,10,282,2,2,5,4,1,134,148,0,1,0,0,0.19999999999999996,0.8,0,0
4472,2,8,104,1,0,3,4,1,56,48,0,0,0,0,0.95,0.050000000000000044,1,1
8205,3,3,159,1,1,2,0,2,77,82,0,0,0,0,0.475,0.525,0,0
64,1,1,3,0,0,0,0,2,1,2,0,0,0,0,0.475,0.525,0,0
7355,3,8,202,1,1,3,4,2,105,97,0,0,0,0,0.65,0.35,1,1
9483,4,4,234,1,2,2,1,2,116,118,0,0,0,0,0.3,0.7,0,0
7317,4,5,174,2,1,2,2,1,94,80,0,0,0,0,0.99,0.010000000000000009,1,1
16511,3,4,169,2,0,2,1,2,89,80,0,0,0,0,0.99,0.010000000000000009,1,1
5844,3,8,140,1,1,5,2,2,75,65,0,0,0,0,0.9,0.09999999999999998,1,1
969,1,7,30,0,0,3,3,1,14,16,0,0,0,0,0.45,0.55,0,0
16560,3,4,171,2,0,2,1,2,90,81,0,0,0,0,0.99,0.010000000000000009,1,1
3355,1,12,75,0,0,6,5,2,38,37,0,0,0,0,0.575,0.42500000000000004,1,1
8497,3,4,164,1,1,2,1,1,79,85,0,1,0,0,0.39999999999999997,0.6000000000000001,0,0
5382,3,4,122,1,1,2,1,2,56,66,0,0,0,0,0.3,0.7,0,0
4816,3,2,116,1,1,1,0,1,60,56,0,0,0,0,0.65,0.35,1,1
8173,3,12,222,1,1,6,5,2,117,105,0,0,0,0,0.8500000000000001,0.1499999999999999,1,1
5951,3,8,144,1,1,5,2,2,78,66,0,0,0,0,0.9500000000000001,0.04999999999999993,1,1
8223,3,10,205,0,2,5,4,2,100,105,0,0,0,0,0.01,0.99,0,0
3101,2,5,87,1,0,2,2,2,46,41,0,0,0,0,0.925,0.07499999999999996,1,1
3499,2,6,86,0,1,4,1,2,44,42,0,0,0,0,0.4,0.6,0,0
5437,2,8,124,1,0,3,4,1,63,61,0,0,0,0,0.8,0.19999999999999996,1,1
550,1,3,17,0,0,1,1,1,9,8,0,0,0,0,0.525,0.475,1,1
20136,4,13,271,2,1,6,6,2,140,131,0,0,0,0,0.925,0.07499999999999996,1,1
3032,2,5,74,1,0,3,1,2,44,30,0,0,0,0,0.99,0.010000000000000009,1,1
5130,2,10,116,0,1,4,5,1,53,63,0,0,0,0,0.01,0.99,0,0
3709,2,6,86,1,0,3,2,1,48,38,0,0,0,0,0.99,0.010000000000000009,1,1
5444,3,5,144,1,1,2,2,1,65,79,0,0,0,0,0.14999999999999997,0.8500000000000001,0,0
3977,2,4,80,0,1,1,2,2,37,43,1,0,0,0,0.01,0.99,0,0
10106,5,1,280,2,2,0,0,2,144,136,0,0,0,0,0.7,0.30000000000000004,1,1
4395,2,7,103,1,0,1,5,2,45,58,0,0,0,0,0.275,0.725,0,0
6453,2,8,148,1,0,3,4,2,77,71,0,0,0,0,0.9,0.09999999999999998,1,1
5371,3,5,142,1,1,2,2,1,63,79,0,0,0,0,0.09999999999999998,0.9,0,0
64,1,1,3,0,0,0,0,1,2,1,0,0,0,0,0.525,0.475,1,1
4642,2,6,102,1,0,1,4,1,49,53,0,0,0,0,0.55,0.44999999999999996,1,1
3301,2,3,89,1,0,1,1,1,50,39,0,0,0,0,0.99,0.010000000000000009,1,1
6149,3,5,162,0,2,0,4,2,65,97,0,0,0,0,0.01,0.99,0,0
3848,2,6,99,1,0,1,4,1,49,50,0,1,0,1,0.625,0.375,1,1
10310,5,6,270,2,2,4,1,1,141,129,0,0,0,0,0.9500000000000001,0.04999999999999993,1,1
5851,3,6,141,1,1,4,1,1,76,65,0,0,0,0,0.925,0.07499999999999996,1,1
11875,4,5,252,2,1,1,3,2,129,123,0,0,0,0,0.75,0.25,1,1
2366,1,11,61,0,0,5,5,2,30,31,0,0,0,0,0.475,0.525,0,0
14231,5,1,274,2,2,0,0,2,135,139,0,0,0,0,0.4,0.6,0,0
16414,4,4,203,2,1,1,2,1,107,96,0,0,0,0,0.925,0.07499999999999996,1,1
351,1,3,11,0,0,1,1,2,5,6,0,0,0,0,0.475,0.525,0,0
70,1,1,3,0,0,0,0,1,3,0,0,0,0,0,0.575,0.42500000000000004,1,1
9939,3,5,192,1,1,3,1,2,95,97,0,0,0,0,0.55,0.44999999999999996,1,1
3562,2,4,80,1,0,0,3,1,37,43,0,0,0,0,0.5,0.5,0,0
2745,2,1,68,1,0,0,0,2,35,33,0,0,0,0,0.85,0.15000000000000002,1,1
1196,1,5,28,0,0,1,3,2,12,16,0,0,0,0,0.3,0.7,0,0
1774,1,8,45,0,0,4,3,2,25,20,0,0,0,0,0.675,0.32499999999999996,1,1
5348,2,11,124,0,1,5,5,2,58,66,0,0,0,0,0.01,0.99,0,0
3299,2,2,74,0,1,1,0,2,37,37,0,0,0,0,0.25,0.75,0,0
2450,2,2,61,1,0,0,1,1,35,26,0,0,0,0,0.975,0.025000000000000022,1,1
6607,2,13,130,0,1,6,6,1,60,70,0,0,0,0,0.01,0.99,0,0
4787,3,4,116,1,1,2,1,2,60,56,0,0,0,0,0.65,0.35,1,1
4431,2,6,101,1,0,3,2,1,54,47,0,0,0,0,0.99,0.010000000000000009,1,1
4362,2,8,119,1,0,5,2,2,66,53,0,0,0,0,0.99,0.010000000000000009,1,1
155,1,2,5,0,0,0,1,1,1,4,0,0,0,0,0.375,0.625,0,0
3122,2,2,81,0,1,0,1,1,37,44,0,0,0,0,0.01,0.99,0,0
3703,2,5,89,1,0,2,2,2,51,38,0,0,0,0,0.99,0.010000000000000009,1,1
1901,1,9,51,0,0,3,5,2,21,30,0,0,0,0,0.175,0.825,0,0
5203,2,10,132,0,1,4,5,2,64,68,0,0,0,0,0.050000000000000044,0.95,0,0
673,1,3,20,0,0,1,1,2,10,10,0,0,0,0,0.5,0.5,0,0
12042,2,1,83,1,0,0,0,2,41,42,0,0,0,0,0.7749999999999999,0.2250000000000001,1,1
4432,2,6,89,0,1,3,2,2,40,49,0,0,0,0,0.025000000000000022,0.975,0,0
10656,5,9,276,2,2,5,3,2,131,145,0,0,0,0,0.24999999999999994,0.75,0,0
7695,3,9,174,1,1,5,3,2,92,82,0,0,0,0,0.85,0.15000000000000002,1,1
10704,3,7,208,1,1,5,1,2,106,102,1,0,0,0,0.8,0.19999999999999996,1,1
1605,1,6,41,0,0,3,2,1,22,19,0,0,0,0,0.625,0.375,1,1
11350,1,12,69,0,0,6,5,2,34,35,0,0,0,0,0.525,0.475,1,1
9170,4,2,226,1,2,1,0,2,112,114,0,0,0,0,0.3,0.7,0,0
13500,2,9,121,1,0,4,4,2,61,60,0,0,0,0,0.825,0.17500000000000004,1,1
2252,1,13,63,0,0,6,6,2,30,33,0,0,0,0,0.425,0.575,0,0
10347,5,6,272,2,2,4,1,1,143,129,0,0,0,0,0.99,0.010000000000000009,1,1
19867,4,12,263,2,1,5,6,1,136,127,0,0,0,0,0.875,0.125,1,1
10945,4,3,231,2,1,0,2,2,119,112,1,0,0,0,0.775,0.22499999999999998,1,1
2395,2,1,55,1,0,0,0,2,31,24,0,0,0,0,0.975,0.025000000000000022,1,1
6044,2,11,133,1,0,5,5,2,67,66,0,0,0,0,0.825,0.17500000000000004,1,1
1855,1,7,49,0,0,4,2,2,28,21,0,0,0,0,0.775,0.22499999999999998,1,1
2962,2,3,76,0,1,1,1,1,34,42,0,0,0,0,0.01,0.99,0,0
1763,1,8,41,0,0,2,5,1,16,25,0,0,0,0,0.125,0.875,0,0
9461,4,4,233,1,2,2,1,2,116,117,0,0,0,0,0.325,0.675,0,0
6614,2,13,151,1,0,6,6,2,77,74,0,0,0,0,0.875,0.125,1,1
8891,4,1,210,2,1,0,0,2,112,98,0,0,0,0,0.99,0.010000000000000009,1,1
7169,3,13,160,0,2,6,6,2,67,93,0,0,0,0,0.01,0.99,0,0
15867,3,1,153,2,0,0,0,1,79,74,0,0,0,0,0.99,0.010000000000000009,1,1
6918,3,6,155,1,1,3,2,1,82,73,0,0,0,0,0.775,0.22499999999999998,1,1
4363,2,13,119,0,1,6,6,2,53,66,0,0,0,0,0.01,0.99,0,0
3900,2,3,89,1,0,1,1,2,47,42,0,0,0,0,0.925,0.07499999999999996,1,1
3799,2,7,99,0,1,3,3,2,48,51,0,0,0,0,0.125,0.875,0,0
8829,3,5,186,1,1,3,1,1,97,89,0,0,0,0,0.8,0.19999999999999996,1,1
15488,2,13,145,1,0,6,6,2,72,73,0,0,0,0,0.7749999999999999,0.2250000000000001,1,1
5157,2,10,119,1,0,4,5,1,64,55,0,0,0,0,0.975,0.025000000000000022,1,1
11766,5,10,329,2,2,5,4,1,171,158,0,0,0,0,0.875,0.125,1,1
1790,1,6,38,0,0,3,2,2,19,19,0,0,0,0,0.55,0.44999999999999996,1,1
3177,2,2,71,1,0,0,1,1,34,37,0,1,0,0,0.675,0.32499999999999996,1,1
14300,5,2,286,2,2,1,0,2,143,143,0,0,0,0,0.55,0.44999999999999996,1,1
11645,4,2,221,2,1,1,0,2,114,107,1,0,0,0,0.925,0.07499999999999996,1,1
1598,1,9,42,0,0,4,4,2,21,21,0,0,0,0,0.5,0.5,0,0
6989,3,6,157,1,1,3,2,1,84,73,0,0,0,0,0.825,0.17500000000000004,1,1
11079,4,10,269,1,2,4,5,2,129,140,0,0,0,0,0.01,0.99,0,0
7810,4,6,193,2,1,2,3,1,102,91,0,0,0,0,0.925,0.07499999999999996,1,1
10527,4,2,239,1,2,0,1,1,120,119,0,0,0,0,0.275,0.725,0,0
6458,3,2,131,0,2,1,0,2,61,70,0,0,0,0,0.01,0.99,0,0
4289,2,13,111,1,0,6,6,2,61,50,0,0,0,0,0.99,0.010000000000000009,1,1
6342,4,1,155,2,1,0,0,2,82,73,0,0,0,0,0.925,0.07499999999999996,1,1
6898,2,13,135,0,1,6,6,2,63,72,0,0,0,0,0.01,0.99,0,0
5830,3,6,142,2,0,3,2,2,82,60,1,0,1,0,0.99,0.010000000000000009,1,1
1103,1,4,26,0,0,0,3,1,11,15,0,0,0,0,0.25,0.75,0,0
3139,2,6,80,1,0,2,3,1,45,35,0,0,0,0,0.99,0.010000000000000009,1,1
9924,1,6,33,0,0,3,2,2,17,16,0,0,0,0,0.575,0.42500000000000004,1,1
9268,4,3,230,1,2,1,1,1,115,115,0,0,0,0,0.30000000000000004,0.7,0,0
6699,4,4,165,2,1,2,1,2,92,73,0,0,0,0,0.99,0.010000000000000009,1,1
1751,1,6,45,0,0,3,2,1,26,19,0,0,0,0,0.725,0.275,1,1
3238,2,6,79,1,0,3,2,1,44,35,0,0,0,0,0.99,0.010000000000000009,1,1
10681,4,8,255,2,1,3,4,1,134,121,0,0,0,0,0.975,0.025000000000000022,1,1
8337,4,9,206,2,1,4,4,2,109,97,0,0,0,0,0.99,0.010000000000000009,1,1
1116,1,5,31,0,0,1,3,1,13,18,0,0,0,0,0.275,0.725,0,0
14545,5,3,293,2,2,2,0,1,149,144,0,0,0,0,0.725,0.275,1,1
1965,1,8,46,0,0,2,5,1,19,27,0,0,0,0,0.15000000000000002,0.85,0,0
203,1,1,7,0,0,0,0,2,3,4,0,0,0,0,0.475,0.525,0,0
10042,1,6,37,0,0,3,2,2,20,17,0,0,0,0,0.625,0.375,1,1
9463,4,7,203,1,2,2,4,1,90,113,0,0,0,0,0.01,0.99,0,0
4628,2,7,105,0,1,3,3,2,47,58,0,0,0,0,0.01,0.99,0,0
1581,1,7,39,0,0,3,3,1,20,19,0,0,0,0,0.525,0.475,1,1
1940,1,9,54,0,0,4,4,2,25,29,0,0,0,0,0.4,0.6,0,0
5184,2,10,120,1,0,4,5,1,64,56,0,0,0,0,0.95,0.050000000000000044,1,1
2418,2,1,62,0,1,0,0,1,27,35,0,0,0,0,0.01,0.99,0,0
3914,2,12,107,0,1,5,6,1,45,62,0,0,0,0,0.01,0.99,0,0
1995,1,8,45,0,0,3,4,1,23,22,0,0,0,0,0.475,0.525,0,0
4861,2,9,110,0,1,4,4,2,51,59,0,0,0,0,0.01,0.99,0,0
2245,1,8,48,0,0,2,5,1,23,25,0,0,0,0,0.3,0.7,0,0
13666,4,7,264,2,1,2,4,1,134,130,0,0,0,0,0.7,0.30000000000000004,1,1
1892,1,8,48,0,0,3,4,1,24,24,0,0,0,0,0.45,0.55,0,0
458,1,3,13,0,0,1,1,2,7,6,0,0,0,0,0.525,0.475,1,1
6566,3,4,155,1,1,1,2,1,78,77,0,0,0,0,0.475,0.525,0,0
17009,3,6,181,2,0,3,2,2,95,86,0,0,0,0,0.99,0.010000000000000009,1,1
5402,3,4,147,2,0,1,2,1,80,67,0,0,0,0,0.99,0.010000000000000009,1,1
9639,4,4,228,2,1,1,2,1,120,108,0,0,0,0,0.9500000000000001,0.04999999999999993,1,1
3938,2,5,88,1,0,1,3,2,42,46,0,0,0,0,0.6,0.4,1,1
277,1,2,10,0,0,0,1,1,4,6,0,0,0,0,0.4,0.6,0,0
5589,3,8,136,1,1,5,2,2,72,64,0,0,0,0,0.85,0.15000000000000002,1,1
6029,2,13,141,0,1,6,6,1,67,74,0,0,0,0,0.025000000000000022,0.975,0,0
5274,2,11,121,0,1,5,5,2,58,63,0,0,0,0,0.07500000000000001,0.925,0,0
4770,2,8,107,0,1,3,4,1,49,58,0,0,0,0,0.01,0.99,0,0
1008,1,5,28,0,0,2,2,2,12,16,0,0,0,0,0.4,0.6,0,0
2368,1,9,52,0,0,4,4,1,25,27,0,0,0,0,0.45,0.55,0,0
10882,1,10,57,0,0,5,4,2,28,29,0,0,0,0,0.525,0.475,1,1
2466,2,5,70,0,1,2,2,2,29,41,0,0,0,0,0.01,0.99,0,0
426,1,2,11,0,0,1,0,1,6,5,0,0,0,0,0.575,0.42500000000000004,1,1
1280,1,6,33,0,0,2,3,1,16,17,0,0,0,0,0.425,0.575,0,0
659,1,3,19,0,0,1,1,1,10,9,0,0,0,0,0.525,0.475,1,1
7237,3,2,153,1,1,0,1,2,76,77,0,0,0,0,0.425,0.575,0,0
14590,3,9,157,2,0,4,4,1,88,69,0,0,0,0,0.99,0.010000000000000009,1,1
2723,2,2,68,1,0,0,1,1,38,30,0,0,0,0,0.95,0.050000000000000044,1,1
6762,4,3,167,2,1,0,2,2,86,81,0,0,0,0,0.725,0.275,1,1
1084,1,5,29,0,0,3,1,2,17,12,0,0,0,0,0.725,0.275,1,1
5355,3,2,118,1,1,0,1,1,61,57,0,0,0,0,0.55,0.44999999999999996,1,1
4184,2,2,97,1,0,0,1,2,50,47,0,0,0,0,0.825,0.17500000000000004,1,1
8594,3,6,191,2,0,4,1,2,106,85,0,0,0,0,0.99,0.010000000000000009,1,1
1132,1,5,30,0,0,2,2,1,16,14,0,0,0,0,0.55,0.44999999999999996,1,1
7551,4,7,200,1,2,3,3,2,88,112,0,0,0,0,0.01,0.99,0,0
8048,3,2,170,1,1,1,0,2,86,84,0,0,0,0,0.6,0.4,1,1
6098,2,13,155,0,1,6,6,1,73,82,0,0,0,0,0.01,0.99,0,0
3730,2,8,103,1,0,3,4,1,53,50,0,0,0,0,0.825,0.17500000000000004,1,1
242,1,2,8,0,0,1,0,2,6,2,0,0,0,0,0.65,0.35,1,1
9332,3,12,188,0,2,6,5,2,91,97,0,0,0,0,0.01,0.99,0,0
10326,4,7,208,2,1,3,3,1,110,98,0,0,0,0,0.99,0.010000000000000009,1,1
956,1,5,26,0,0,1,3,1,11,15,0,0,0,0,0.3,0.7,0,0
2116,1,10,60,0,0,5,4,1,31,29,0,0,0,0,0.6,0.4,1,1
4328,2,5,96,1,0,1,3,2,46,50,0,0,0,0,0.6,0.4,1,1
6528,3,13,181,2,0,6,6,2,104,77,0,0,0,0,0.99,0.010000000000000009,1,1
1456,1,7,40,0,0,2,4,2,15,25,0,0,0,0,0.15000000000000002,0.85,0,0
791,1,2,22,0,0,0,1,1,9,13,0,1,0,1,0.35,0.65,0,0
11133,4,10,271,1,2,4,5,2,129,142,0,0,0,0,0.01,0.99,0,0
6554,4,3,162,2,1,1,1,1,91,71,0,0,0,0,0.99,0.010000000000000009,1,1
3287,2,5,84,1,0,1,3,2,44,40,0,0,0,0,0.8,0.19999999999999996,1,1
7558,3,8,179,1,1,2,5,1,88,91,0,0,0,0,0.275,0.725,0,0
11232,1,12,66,0,0,6,5,2,34,32,0,0,0,0,0.6,0.4,1,1
6567,3,12,148,0,2,5,6,1,61,87,0,0,0,0,0.01,0.99,0,0
7383,4,5,176,2,1,2,2,1,96,80,0,0,0,0,0.99,0.010000000000000009,1,1
3014,2,2,70,1,0,0,1,1,36,34,0,0,0,0,0.8,0.19999999999999996,1,1
4703,3,3,108,0,2,1,1,2,40,68,0,0,0,0,0.01,0.99,0,0
5298,3,4,143,2,0,1,2,1,77,66,0,0,0,0,0.99,0.010000000000000009,1,1
6575,2,8,151,1,0,3,4,2,79,72,0,0,0,0,0.925,0.07499999999999996,1,1
2815,2,2,62,0,1,0,1,2,24,38,0,0,0,0,0.01,0.99,0,0
10210,3,13,214,1,1,6,6,1,108,106,0,0,0,0,0.55,0.44999999999999996,1,1
9016,4,4,197,2,1,2,1,2,103,94,0,0,0,0,0.975,0.025000000000000022,1,1
3361,2,1,87,0,1,0,0,2,37,50,0,0,0,0,0.01,0.99,0,0
2218,2,1,47,0,1,0,0,1,17,30,0,0,0,0,0.01,0.99,0,0
3265,2,4,72,0,1,0,3,2,26,46,0,0,0,0,0.01,0.99,0,0
207,1,2,6,0,0,0,1,1,2,4,0,0,0,0,0.4,0.6,0,0
7177,3,10,191,0,2,4,5,2,90,101,0,0,0,0,0.01,0.99,0,0
9537,4,4,235,1,2,2,1,2,116,119,0,0,0,0,0.275,0.725,0,0
798,1,5,23,0,0,3,1,2,14,9,0,0,0,0,0.725,0.275,1,1
17212,3,7,188,2,0,3,3,1,99,89,0,0,0,0,0.99,0.010000000000000009,1,1
7592,4,6,180,2,1,3,2,2,98,82,0,0,0,0,0.99,0.010000000000000009,1,1
1748,1,8,49,0,0,4,3,1,25,24,0,0,0,0,0.575,0.42500000000000004,1,1
3223,2,1,83,0,1,0,0,2,36,47,0,0,0,0,0.01,0.99,0,0
652,1,4,19,0,0,1,2,2,6,13,0,0,0,0,0.275,0.725,0,0
1398,1,9,41,0,0,3,5,1,17,24,0,0,0,0,0.22499999999999998,0.775,0,0
1565,1,6,38,0,0,3,2,2,19,19,0,0,0,0,0.55,0.44999999999999996,1,1
5660,2,9,130,1,0,4,4,2,67,63,0,0,0,0,0.9,0.09999999999999998,1,1
285,1,1,9,0,0,0,0,2,4,5,0,0,0,0,0.475,0.525,0,0
4827,3,3,117,2,0,2,0,1,70,47,0,0,0,0,0.99,0.010000000000000009,1,1
11452,3,13,197,0,2,6,6,2,97,100,0,0,0,0,0.01,0.99,0,0
5017,2,7,112,1,0,4,2,2,64,48,1,0,0,0,0.99,0.010000000000000009,1,1
498,1,3,16,0,0,2,0,2,9,7,0,0,0,0,0.65,0.35,1,1
4375,3,1,111,1,1,0,0,1,54,57,0,0,0,0,0.425,0.575,0,0
707,1,3,20,0,0,1,1,1,11,9,0,0,0,0,0.55,0.44999999999999996,1,1
4795,2,13,133,1,0,6,6,2,70,63,0,0,0,0,0.975,0.025000000000000022,1,1
264,1,1,8,0,0,0,0,2,3,5,0,0,0,0,0.45,0.55,0,0
5336,3,7,138,1,1,2,4,1,66,72,0,0,0,0,0.25,0.75,0,0
3460,2,4,91,1,0,2,1,2,51,40,0,0,0,0,0.99,0.010000000000000009,1,1
11395,4,3,240,2,1,0,2,2,123,117,0,0,0,0,0.75,0.25,1,1
1390,1,6,31,0,0,2,3,1,13,18,0,0,0,0,0.325,0.675,0,0
3362,2,8,82,0,1,4,3,2,40,42,0,0,0,0,0.2,0.8,0,0
1893,1,7,46,0,0,3,3,2,22,24,0,0,0,0,0.45,0.55,0,0
6138,3,1,122,0,2,0,0,1,57,65,0,0,0,0,0.01,0.99,0,0
2476,2,2,63,0,1,1,0,2,29,34,0,0,0,0,0.125,0.875,0,0
6661,2,10,94,0,1,5,4,2,46,48,0,0,0,0,0.2,0.8,0,0
5573,2,8,133,0,1,5,2,1,68,65,0,0,0,0,0.42500000000000004,0.575,0,0
5723,3,6,156,2,0,2,3,1,82,74,0,1,0,0,0.99,0.010000000000000009,1,1
10125,5,5,266,2,2,4,0,2,139,127,0,0,0,0,0.99,0.010000000000000009,1,1
10526,5,3,294,2,2,1,1,2,150,144,0,0,0,0,0.65,0.35,1,1
8115,4,1,182,2,1,0,0,2,94,88,0,0,0,0,0.85,0.15000000000000002,1,1
4009,2,5,90,0,1,3,1,2,43,47,1,0,0,0,0.19999999999999996,0.8,0,0
5556,3,3,123,1,1,1,1,2,66,57,0,0,0,0,0.725,0.275,1,1
627,1,3,15,0,0,1,1,1,8,7,0,0,0,0,0.525,0.475,1,1
6485,3,9,157,2,0,5,3,1,89,68,0,0,0,0,0.99,0.010000000000000009,1,1
10651,4,9,224,2,1,3,5,1,114,110,0,0,0,0,0.7,0.30000000000000004,1,1
13896,5,10,298,2,2,5,4,2,153,145,0,0,0,0,0.75,0.25,1,1
1800,1,6,43,0,0,3,2,1,21,22,0,0,0,0,0.525,0.475,1,1
6552,3,2,122,1,1,0,1,1,63,59,0,0,0,0,0.55,0.44999999999999996,1,1
4710,2,8,118,0,1,3,4,2,58,60,0,0,0,0,0.10000000000000003,0.8999999999999999,0,0
747,1,3,20,0,0,1,1,2,11,9,1,0,1,0,0.55,0.44999999999999996,1,1
16807,3,5,177,2,0,2,2,1,92,85,0,0,0,0,0.99,0.010000000000000009,1,1
7303,3,8,164,1,1,4,3,1,85,79,0,0,0,0,0.7,0.30000000000000004,1,1
11073,5,10,286,2,2,5,4,1,137,149,0,0,0,0,0.24999999999999994,0.75,0,0
5187,3,2,126,1,1,1,0,1,67,59,0,0,0,0,0.75,0.25,1,1
3014,2,5,77,0,1,3,1,2,40,37,0,0,0,0,0.375,0.625,0,0
4208,2,7,100,1,0,3,3,2,55,45,0,0,0,0,0.99,0.010000000000000009,1,1
8290,3,10,207,0,2,5,4,2,100,107,0,0,0,0,0.01,0.99,0,0
5313,2,8,119,1,0,5,2,1,69,50,0,0,0,0,0.99,0.010000000000000009,1,1
9937,3,8,166,0,2,3,4,1,81,85,0,0,0,0,0.01,0.99,0,0
14959,5,2,289,2,2,0,1,1,142,147,0,1,0,0,0.325,0.675,0,0
1822,1,8,47,0,0,2,5,1,21,26,0,0,0,0,0.22499999999999998,0.775,0,0
1770,1,8,44,0,0,2,5,1,18,26,0,0,0,0,0.15000000000000002,0.85,0,0
379,1,2,9,0,0,1,0,2,5,4,0,0,0,0,0.575,0.42500000000000004,1,1
13804,2,10,128,1,0,4,5,1,63,65,0,0,0,0,0.7,0.30000000000000004,1,1
3251,2,1,84,0,1,0,0,2,37,47,0,0,0,0,0.01,0.99,0,0
6774,3,3,150,2,0,1,1,2,78,72,0,0,0,0,0.99,0.010000000000000009,1,1
11585,5,1,243,2,2,0,0,1,124,119,0,0,0,0,0.625,0.375,1,1
125,1,1,5,0,0,0,0,2,3,2,0,0,0,0,0.525,0.475,1,1
8035,4,8,192,2,1,5,2,2,107,85,0,0,0,0,0.99,0.010000000000000009,1,1
684,1,4,17,0,0,2,1,2,9,8,0,0,0,0,0.575,0.42500000000000004,1,1
10101,3,9,169,0,2,4,4,2,83,86,0,0,0,0,0.01,0.99,0,0
2213,1,10,56,0,0,4,5,1,28,28,0,0,0,0,0.45,0.55,0,0
6732,3,6,185,1,1,1,4,2,93,92,0,0,0,0,0.375,0.625,0,0
6638,3,12,150,0,2,5,6,1,62,88,0,0,0,0,0.01,0.99,0,0
235,1,2,7,0,0,0,1,1,3,4,0,0,0,0,0.425,0.575,0,0
604,1,4,17,0,0,1,2,1,7,10,0,0,0,0,0.375,0.625,0,0
433,1,2,10,0,0,0,1,1,4,6,0,0,0,0,0.4,0.6,0,0
915,1,3,26,0,0,0,2,2,12,14,0,0,0,0,0.35,0.65,0,0
5731,2,12,132,1,0,6,5,1,71,61,0,1,0,0,0.99,0.010000000000000009,1,1
4265,2,6,95,0,1,3,2,1,45,50,0,0,0,0,0.125,0.875,0,0
6925,3,9,155,1,1,3,5,1,70,85,0,0,0,0,0.025000000000000022,0.975,0,0
7441,4,5,184,2,1,2,2,2,97,87,0,0,0,0,0.95,0.050000000000000044,1,1
4036,2,5,91,0,1,3,1,2,44,47,0,0,0,0,0.22499999999999998,0.775,0,0
4350,2,7,102,1,0,1,5,2,45,57,0,0,0,0,0.29999999999999993,0.7000000000000001,0,0
1464,1,6,42,0,0,3,2,1,22,20,0,0,0,0,0.6,0.4,1,1
6091,3,6,137,1,1,2,3,2,60,77,0,0,0,0,0.024999999999999967,0.9750000000000001,0,0
8800,4,13,229,1,2,6,6,1,116,113,0,0,0,0,0.375,0.625,0,0
6056,3,3,167,1,1,0,2,1,85,82,0,0,0,0,0.47500000000000003,0.5249999999999999,0,0
6238,3,12,174,2,0,6,5,2,100,74,0,0,0,0,0.99,0.010000000000000009,1,1
6713,2,13,153,1,0,6,6,1,77,76,0,0,0,0,0.825,0.17500000000000004,1,1
5772,3,9,148,1,1,3,5,1,70,78,0,0,0,0,0.2,0.8,0,0
9757,4,8,209,1,2,3,4,2,95,114,0,0,0,0,0.01,0.99,0,0
6379,3,9,179,2,0,4,4,2,94,85,0,0,0,0,0.99,0.010000000000000009,1,1
9468,4,13,268,2,1,6,6,2,139,129,0,0,0,0,0.95,0.050000000000000044,1,1
2324,2,1,60,0,1,0,0,1,27,33,0,0,0,0,0.04999999999999999,0.95,0,0
17942,3,11,206,2,0,5,5,1,108,98,0,0,0,0,0.99,0.010000000000000009,1,1
544,1,3,18,0,0,2,0,2,9,9,0,0,0,0,0.6,0.4,1,1
7509,3,3,160,1,1,0,2,1,79,81,0,1,0,0,0.35,0.65,0,0
4856,2,9,123,0,1,3,5,1,59,64,0,0,0,0,0.01,0.99,0,0
2162,1,8,51,0,0,4,3,2,27,24,1,0,1,0,0.625,0.375,1,1
3634,2,10,99,0,1,4,5,1,42,57,0,0,0,0,0.01,0.99,0,0
11647,4,4,246,2,1,0,3,1,125,121,0,1,0,0,0.65,0.35,1,1
1896,1,9,50,0,0,5,3,2,29,21,0,0,0,0,0.8,0.19999999999999996,1,1
1211,1,6,31,0,0,2,3,1,13,18,0,0,0,0,0.325,0.675,0,0
9458,4,4,204,2,1,2,1,1,109,95,0,0,0,0,0.99,0.010000000000000009,1,1
7937,4,7,197,2,1,3,3,2,103,94,0,0,0,0,0.925,0.07499999999999996,1,1
2580,2,1,71,1,0,0,0,2,38,33,0,0,0,0,0.925,0.07499999999999996,1,1
2701,2,2,71,0,1,1,0,2,33,38,0,0,0,0,0.125,0.875,0,0
14100,5,1,280,2,2,0,0,1,138,142,0,0,0,0,0.4,0.6,0,0
4682,2,2,109,1,0,0,1,2,55,54,0,0,0,0,0.775,0.22499999999999998,1,1
1000,1,5,30,0,0,2,2,2,14,16,0,0,0,0,0.45,0.55,0,0
3887,2,7,102,0,1,3,3,2,51,51,0,0,0,0,0.2,0.8,0,0
6743,4,4,167,2,1,2,1,2,93,74,0,0,0,0,0.99,0.010000000000000009,1,1
8128,4,10,211,1,2,5,4,2,105,106,0,0,0,0,0.325,0.675,0,0
3999,2,12,103,1,0,5,6,1,55,48,0,0,0,0,0.925,0.07499999999999996,1,1
6105,3,9,162,1,1,3,5,1,70,92,0,0,0,0,0.01,0.99,0,0
851,1,4,22,0,0,1,2,1,11,11,0,0,0,0,0.45,0.55,0,0
4684,2,8,117,0,1,3,4,2,57,60,0,0,0,0,0.07500000000000001,0.925,0,0
4253,2,2,99,1,0,0,1,2,51,48,0,0,0,0,0.825,0.17500000000000004,1,1
1566,1,9,41,0,0,4,4,2,21,20,0,0,0,0,0.525,0.475,1,1
7750,4,8,200,1,2,4,3,2,99,101,0,0,0,0,0.3,0.7,0,0
2679,2,1,67,1,0,0,0,2,37,30,0,0,0,0,0.975,0.025000000000000022,1,1
32,1,1,2,0,0,0,0,2,1,1,0,0,0,0,0.5,0.5,0,0
9386,4,1,249,2,1,0,0,2,131,118,1,0,1,0,0.99,0.010000000000000009,1,1
2972,2,3,62,0,1,2,0,1,27,35,0,0,0,0,0.09999999999999998,0.9,0,0
2023,1,9,47,0,0,3,5,2,20,27,0,0,0,0,0.22499999999999998,0.775,0,0
6557,3,5,148,1,1,3,1,2,79,69,0,0,0,0,0.85,0.15000000000000002,1,1
10955,4,5,250,1,2,2,2,2,124,126,0,0,0,0,0.25,0.75,0,0
2839,2,2,72,1,0,0,1,1,40,32,0,0,0,0,0.95,0.050000000000000044,1,1
6391,3,7,144,1,1,2,4,1,64,80,0,0,0,0,0.01,0.99,0,0
235,1,1,8,0,0,0,0,1,4,4,0,0,0,0,0.5,0.5,0,0
14563,3,9,156,2,0,4,4,1,87,69,0,0,0,0,0.99,0.010000000000000009,1,1
11104,4,3,234,2,1,0,2,2,120,114,0,0,0,0,0.75,0.25,1,1
2872,2,1,66,1,0,0,0,2,34,32,0,0,0,0,0.85,0.15000000000000002,1,1
5963,2,11,116,0,1,5,5,1,53,63,0,0,0,0,0.01,0.99,0,0
1190,1,5,30,0,0,2,2,2,15,15,0,0,0,0,0.5,0.5,0,0
679,1,4,19,0,0,2,1,2,12,7,0,0,0,0,0.675,0.32499999999999996,1,1
9418,4,6,202,1,2,2,3,2,90,112,0,0,0,0,0.01,0.99,0,0
702,1,3,20,0,0,1,1,1,11,9,0,0,0,0,0.55,0.44999999999999996,1,1
22630,5,8,328,2,2,5,2,2,173,155,0,0,0,0,0.99,0.010000000000000009,1,1
10949,4,10,232,2,1,4,5,2,119,113,0,0,0,0,0.8,0.19999999999999996,1,1
13032,4,7,262,2,1,2,4,2,132,130,0,0,0,0,0.65,0.35,1,1
4478,3,2,109,1,1,1,0,2,56,53,0,0,0,0,0.625,0.375,1,1
10355,4,2,218,2,1,0,1,1,114,104,0,0,0,0,0.9,0.09999999999999998,1,1
5944,4,1,143,2,1,0,0,2,76,67,0,0,0,0,0.925,0.07499999999999996,1,1
7344,2,13,109,0,1,6,6,2,53,56,0,0,0,0,0.125,0.875,0,0
0,1,1,1,0,0,0,0,1,1,0,0,0,0,0,0.525,0.475,1,1
9572,3,8,158,0,2,3,4,1,76,82,0,0,0,0,0.01,0.99,0,0
7622,3,7,152,1,1,4,2,2,79,73,0,0,0,0,0.75,0.25,1,1
5776,2,13,148,0,1,6,6,2,70,78,0,0,0,0,0.01,0.99,0,0
3645,2,2,82,1,0,0,1,1,43,39,0,0,0,0,0.85,0.15000000000000002,1,1
5215,2,7,123,0,1,4,2,2,60,63,0,0,0,0,0.22499999999999998,0.775,0,0
8718,3,13,237,1,1,6,6,2,123,114,0,0,0,0,0.725,0.275,1,1
9445,4,3,225,2,1,1,1,2,118,107,0,0,0,0,0.975,0.025000000000000022,1,1
18487,3,12,219,2,0,6,5,2,116,103,0,0,0,0,0.99,0.010000000000000009,1,1
3295,2,7,85,1,0,3,3,2,46,39,0,0,0,0,0.975,0.025000000000000022,1,1
22337,5,7,322,2,2,4,2,1,169,153,0,0,0,0,0.99,0.010000000000000009,1,1
10314,4,1,233,1,2,0,0,2,116,117,0,0,0,0,0.275,0.725,0,0
6194,4,1,150,2,1,0,0,1,84,66,0,0,0,0,0.99,0.010000000000000009,1,1
9963,4,9,215,1,2,3,5,1,95,120,0,0,0,0,0.01,0.99,0,0
1505,1,7,42,0,0,3,3,1,23,19,0,0,0,0,0.6,0.4,1,1
5611,3,2,146,0,2,0,1,1,61,85,0,0,0,0,0.01,0.99,0,0
7792,3,8,155,1,1,4,3,1,81,74,0,0,0,0,0.725,0.275,1,1
6521,3,8,157,1,1,4,3,1,81,76,0,0,0,0,0.675,0.32499999999999996,1,1
8372,4,12,217,1,2,6,5,2,110,107,0,0,0,0,0.42500000000000004,0.575,0,0
2689,2,1,60,0,1,0,0,1,24,36,0,0,0,0,0.01,0.99,0,0
3521,2,3,79,0,1,1,1,1,38,41,0,0,0,0,0.125,0.875,0,0
11544,4,1,228,2,1,0,0,2,115,113,0,0,0,0,0.75,0.25,1,1
7351,4,7,182,2,1,4,2,1,102,80,0,0,0,0,0.99,0.010000000000000009,1,1
7453,3,10,198,0,2,4,5,2,92,106,0,0,0,0,0.01,0.99,0,0
770,1,5,21,0,0,3,1,2,13,8,0,0,0,0,0.725,0.275,1,1
229,1,2,9,0,0,0,1,1,5,4,0,0,0,0,0.475,0.525,0,0
15185,5,6,308,2,2,4,1,2,155,153,0,0,0,0,0.7,0.30000000000000004,1,1
5899,2,12,137,1,0,5,6,1,69,68,0,0,0,0,0.775,0.22499999999999998,1,1
3075,1,13,77,0,0,6,6,2,39,38,0,0,0,0,0.525,0.475,1,1
465,1,4,16,0,0,2,1,2,8,8,0,0,0,0,0.55,0.44999999999999996,1,1
6911,3,9,185,0,2,3,5,1,85,100,0,0,0,0,0.01,0.99,0,0
2103,1,12,59,0,0,6,5,2,29,30,0,0,0,0,0.525,0.475,1,1
7145,3,10,190,0,2,4,5,2,89,101,0,0,0,0,0.01,0.99,0,0
2200,1,10,62,0,0,5,4,1,31,31,0,0,0,0,0.55,0.44999999999999996,1,1
4938,3,2,131,1,1,1,0,2,59,72,0,0,0,0,0.22499999999999998,0.775,0,0
10744,5,10,277,2,2,5,4,1,131,146,0,0,0,0,0.175,0.825,0,0
160,1,2,5,0,0,1,0,2,4,1,0,0,0,0,0.625,0.375,1,1
3774,2,11,104,0,1,5,5,2,44,60,0,0,0,0,0.01,0.99,0,0
7576,4,7,201,1,2,3,3,2,89,112,0,0,0,0,0.01,0.99,0,0
14459,3,8,153,2,0,4,3,2,86,67,0,0,0,0,0.99,0.010000000000000009,1,1
6674,4,3,178,1,2,1,1,2,76,102,0,0,0,0,0.01,0.99,0,0
4546,2,5,109,0,1,3,1,2,53,56,0,0,0,0,0.22499999999999998,0.775,0,0
3175,2,6,81,0,1,3,2,2,37,44,0,0,0,0,0.07499999999999996,0.925,0,0
3693,2,2,91,0,1,1,0,2,45,46,0,0,0,0,0.22499999999999998,0.775,0,0
5477,2,11,128,1,0,5,5,2,70,58,1,0,1,0,0.99,0.010000000000000009,1,1
21184,5,1,292,2,2,0,0,1,152,140,0,0,0,0,0.8,0.19999999999999996,1,1
3589,2,2,80,1,0,0,1,1,42,38,0,0,0,0,0.85,0.15000000000000002,1,1
9838,4,4,261,2,1,2,1,1,138,123,0,0,0,0,0.99,0.010000000000000009,1,1
7653,3,7,169,2,0,4,2,2,92,77,0,0,0,0,0.99,0.010000000000000009,1,1
2791,1,9,63,0,0,5,3,1,33,30,0,0,0,0,0.675,0.32499999999999996,1,1
5416,3,2,120,1,1,0,1,1,63,57,0,0,0,0,0.6000000000000001,0.3999999999999999,1,1
1175,1,7,33,0,0,3,3,1,17,16,0,0,0,0,0.525,0.475,1,1
646,1,3,19,0,0,1,1,2,10,9,0,0,0,0,0.525,0.475,1,1
7562,3,9,207,1,1,4,4,1,108,99,0,0,0,0,0.725,0.275,1,1
8333,3,3,177,1,1,1,1,1,89,88,0,0,0,0,0.525,0.475,1,1
1550,1,7,38,0,0,3,3,1,19,19,0,0,0,0,0.5,0.5,0,0
6213,3,1,124,0,2,0,0,1,59,65,0,0,0,0,0.01,0.99,0,0
4068,2,7,103,0,1,4,2,1,51,52,0,0,0,0,0.275,0.725,0,0
5654,3,1,156,1,1,0,0,1,81,75,0,0,0,0,0.65,0.35,1,1
4657,2,4,102,1,0,1,2,1,52,50,0,0,0,0,0.8,0.19999999999999996,1,1
6012,3,8,159,1,1,3,4,2,70,89,0,0,0,0,0.01,0.99,0,0
4080,2,6,109,0,1,2,3,1,52,57,0,0,0,0,0.025000000000000022,0.975,0,0
3906,2,7,100,1,0,1,5,2,49,51,0,0,0,0,0.55,0.44999999999999996,1,1
874,1,4,25,0,0,2,1,1,13,12,0,1,0,0,0.575,0.42500000000000004,1,1
4106,2,5,92,1,0,1,3,2,45,47,0,0,0,0,0.65,0.35,1,1
4984,2,9,116,1,0,4,4,2,60,56,0,0,0,0,0.9,0.09999999999999998,1,1
3600,2,10,98,0,1,4,5,1,42,56,0,0,0,0,0.01,0.99,0,0
281,1,1,8,0,0,0,0,2,4,4,0,0,0,0,0.5,0.5,0,0
568,1,3,15,0,0,1,1,2,8,7,0,0,0,0,0.525,0.475,1,1
6709,2,13,132,0,1,6,6,2,61,71,0,0,0,0,0.01,0.99,0,0
8693,3,4,136,0,2,1,2,1,65,71,0,0,0,0,0.01,0.99,0,0
4346,3,1,110,1,1,0,0,1,54,56,0,0,0,0,0.45,0.55,0,0
496,1,3,14,0,0,1,1,1,7,7,0,0,0,0,0.5,0.5,0,0
227,1,2,7,0,0,0,1,1,2,5,0,0,0,0,0.375,0.625,0,0
5060,3,2,115,1,1,1,0,2,52,63,1,0,0,0,0.27499999999999997,0.7250000000000001,0,0
18043,3,11,209,2,0,5,5,1,110,99,0,0,0,0,0.99,0.010000000000000009,1,1
2399,1,11,62,0,0,5,5,2,30,32,0,0,0,0,0.45,0.55,0,0
8160,3,3,158,1,1,2,0,2,77,81,0,0,0,0,0.5,0.5,0,0
5526,2,10,108,0,1,5,4,2,50,58,0,0,0,0,0.04999999999999999,0.95,0,0
1659,1,8,44,0,0,5,2,1,25,19,0,0,0,0,0.8,0.19999999999999996,1,1
4831,2,7,107,1,0,2,4,2,52,55,0,0,0,0,0.625,0.375,1,1
10082,4,7,248,1,2,3,3,1,121,127,0,0,0,0,0.15000000000000002,0.85,0,0
7775,3,8,194,0,2,4,3,2,94,100,0,0,0,0,0.01,0.99,0,0
4107,2,4,93,1,0,2,1,1,51,42,0,0,0,0,0.99,0.010000000000000009,1,1
1076,1,4,25,0,0,0,3,1,11,14,0,0,0,0,0.275,0.725,0,0
7110,3,6,168,1,1,2,3,1,84,84,0,0,0,0,0.45,0.55,0,0
7862,3,2,174,2,0,1,0,2,96,78,0,0,0,0,0.99,0.010000000000000009,1,1
5372,2,4,123,1,0,1,2,2,63,60,0,0,0,0,0.825,0.17500000000000004,1,1
1685,1,7,40,0,0,3,3,2,22,18,0,0,0,0,0.6,0.4,1,1
5833,3,11,162,2,0,5,5,1,94,68,0,0,0,0,0.99,0.010000000000000009,1,1
4515,2,6,89,0,1,2,3,2,42,47,0,0,0,0,0.025000000000000022,0.975,0,0
9180,4,5,197,1,2,1,3,1,89,108,0,0,0,0,0.01,0.99,0,0
16905,3,5,180,2,0,2,2,1,95,85,0,0,0,0,0.99,0.010000000000000009,1,1
8795,3,5,169,1,1,3,1,2,83,86,0,0,0,0,0.525,0.475,1,1
2956,2,6,76,0,1,2,3,1,31,45,0,0,0,0,0.01,0.99,0,0
10268,1,7,44,0,0,4,2,1,23,21,0,1,0,1,0.65,0.35,1,1
6558,4,2,174,1,2,0,1,1,75,99,0,0,0,0,0.01,0.99,0,0
1717,1,7,42,0,0,3,3,1,21,21,0,0,0,0,0.5,0.5,0,0
6098,3,4,160,0,2,0,3,1,65,95,0,1,0,1,0.01,0.99,0,0
9921,4,6,243,1,2,3,2,2,121,122,0,0,0,0,0.325,0.675,0,0
3218,2,3,85,0,1,1,1,2,40,45,0,0,0,0,0.07500000000000001,0.925,0,0
725,1,3,18,0,0,1,1,1,9,9,0,0,0,0,0.5,0.5,0,0
16084,4,2,193,2,1,0,1,1,103,90,0,0,0,0,0.975,0.025000000000000022,1,1
2026,1,7,48,0,0,3,3,1,24,24,0,0,0,0,0.5,0.5,0,0
453,1,3,13,0,0,1,1,1,7,6,0,0,0,0,0.525,0.475,1,1
8282,3,9,166,1,1,5,3,2,87,79,0,0,0,0,0.8,0.19999999999999996,1,1
3720,2,2,96,0,1,0,1,1,41,55,0,0,0,0,0.01,0.99,0,0
9503,5,4,244,2,2,2,1,1,115,129,0,0,0,0,0.19999999999999996,0.8,0,0
4420,3,2,106,1,1,1,0,2,56,50,0,0,0,0,0.7,0.30000000000000004,1,1
2475,1,9,55,0,0,3,5,2,27,28,0,0,0,0,0.375,0.625,0,0
1914,1,8,51,0,0,3,4,2,23,28,0,0,0,0,0.325,0.675,0,0
342,1,2,10,0,0,1,0,2,5,5,0,0,0,0,0.55,0.44999999999999996,1,1
6202,2,7,144,1,0,2,4,1,75,69,0,0,0,0,0.8500000000000001,0.1499999999999999,1,1
5877,3,6,132,1,1,2,3,2,58,74,0,0,0,0,0.04999999999999999,0.95,0,0
2144,2,2,54,0,1,0,1,1,21,33,0,0,0,0,0.01,0.99,0,0
10919,4,10,231,2,1,4,5,2,118,113,0,0,0,0,0.775,0.22499999999999998,1,1
6305,3,13,176,2,0,6,6,2,102,74,0,0,0,0,0.99,0.010000000000000009,1,1
6252,3,9,174,2,0,4,4,2,93,81,0,0,0,0,0.99,0.010000000000000009,1,1
4074,2,12,105,1,0,5,6,1,56,49,0,0,0,0,0.925,0.07499999999999996,1,1
14527,3,8,155,2,0,4,3,2,86,69,0,0,0,0,0.99,0.010000000000000009,1,1
13506,4,8,273,2,1,2,5,1,136,137,0,0,0,0,0.525,0.475,1,1
5884,2,6,135,1,0,2,3,2,70,65,0,0,0,0,0.875,0.125,1,1
1676,1,6,43,0,0,3,2,1,24,19,0,0,0,0,0.675,0.32499999999999996,1,1
4498,2,7,113,0,1,2,4,1,53,60,0,0,0,0,0.01,0.99,0,0
7092,3,9,171,1,1,5,3,2,89,82,0,0,0,0,0.775,0.22499999999999998,1,1
3633,2,3,82,0,1,1,1,1,41,41,0,0,0,0,0.2,0.8,0,0
1419,1,6,34,0,0,3,2,2,12,8,0,0,0,0,0.65,0.35,1,1
6720,3,3,159,0,2,1,1,1,76,83,0,1,0,1,0.01,0.99,0,0
4781,2,7,96,0,1,2,4,1,44,52,0,0,0,0,0.01,0.99,0,0
511,1,2,12,0,0,0,1,1,5,7,0,0,0,0,0.4,0.6,0,0
4166,3,2,115,2,0,1,0,2,68,47,0,0,0,0,0.99,0.010000000000000009,1,1
8603,4,10,211,2,1,5,4,1,114,97,0,0,0,0,0.99,0.010000000000000009,1,1
3286,2,4,84,0,1,2,1,2,40,44,0,0,0,0,0.15000000000000002,0.85,0,0
7496,4,5,186,2,1,2,2,2,98,88,1,0,0,0,0.95,0.050000000000000044,1,1
9074,3,11,209,1,1,5,5,1,107,102,0,0,0,0,0.625,0.375,1,1
6696,3,6,184,1,1,1,4,2,93,91,0,0,0,0,0.4,0.6,0,0
3180,2,4,81,1,0,1,2,1,42,39,0,1,0,0,0.825,0.17500000000000004,1,1
9159,4,10,257,2,1,5,4,2,134,123,0,0,0,0,0.99,0.010000000000000009,1,1
14509,5,1,279,2,2,0,0,2,138,141,1,0,0,0,0.425,0.575,0,0
168,1,1,5,0,0,0,0,1,3,2,0,0,0,0,0.525,0.475,1,1
1486,1,6,38,0,0,2,3,1,17,21,0,1,0,1,0.35,0.65,0,0
111,1,1,5,0,0,0,0,2,1,4,0,0,0,0,0.425,0.575,0,0
329,1,3,11,0,0,1,1,2,5,6,0,0,0,0,0.475,0.525,0,0
3127,2,4,85,1,0,2,1,1,47,38,0,0,0,0,0.99,0.010000000000000009,1,1
816,1,3,20,0,0,0,2,2,7,13,0,0,0,0,0.25,0.75,0,0
15236,5,13,331,2,2,6,6,1,168,163,0,0,0,0,0.625,0.375,1,1
5517,3,4,132,1,1,2,1,1,69,63,0,0,0,0,0.7,0.30000000000000004,1,1
15552,5,13,336,2,2,6,6,1,169,167,0,0,0,0,0.55,0.44999999999999996,1,1
3267,2,3,87,0,1,1,1,2,41,46,0,0,0,0,0.07500000000000001,0.925,0,0
1582,1,7,38,0,0,3,3,1,12,8,0,0,0,0,0.6,0.4,1,1
6862,3,8,183,0,2,3,4,2,84,99,0,0,0,0,0.01,0.99,0,0
153,1,1,5,0,0,0,0,2,3,2,0,0,0,0,0.525,0.475,1,1
5771,3,8,131,0,2,3,4,1,53,78,0,0,0,0,0.01,0.99,0,0
6695,3,5,152,1,1,3,1,2,80,72,0,0,0,0,0.8,0.19999999999999996,1,1
15965,4,1,190,2,1,0,0,2,102,88,0,0,0,0,0.99,0.010000000000000009,1,1
1690,1,9,46,0,0,3,5,2,19,27,0,0,0,0,0.2,0.8,0,0
9799,3,13,224,1,1,6,6,2,112,112,0,0,0,0,0.5,0.5,0,0
3671,2,2,88,0,1,0,1,1,40,48,0,0,0,0,0.01,0.99,0,0
6771,4,2,173,1,2,1,0,2,84,89,0,0,0,0,0.22499999999999998,0.775,0,0
11896,4,3,228,2,1,1,1,1,117,111,0,0,0,0,0.85,0.15000000000000002,1,1
6811,3,12,192,2,0,5,6,1,101,91,0,0,0,0,0.99,0.010000000000000009,1,1
9654,5,4,249,2,2,3,0,1,129,120,0,0,0,0,0.875,0.125,1,1
9010,4,1,213,2,1,0,0,2,112,101,1,0,0,0,0.975,0.025000000000000022,1,1
7541,3,3,161,1,1,0,2,1,79,82,0,0,0,0,0.325,0.675,0,0
9696,4,5,210,2,1,3,1,2,112,98,0,0,0,0,0.99,0.010000000000000009,1,1
2254,2,1,48,0,1,0,0,1,18,30,0,0,0,0,0.01,0.99,0,0
9615,3,13,221,1,1,6,6,1,111,110,0,0,0,0,0.525,0.475,1,1
2903,1,13,72,0,0,6,6,2,35,37,0,0,0,0,0.45,0.55,0,0
6364,3,1,138,2,0,0,0,2,72,66,0,0,0,0,0.99,0.010000000000000009,1,1
8566,3,4,180,1,1,2,1,2,92,88,0,0,0,0,0.65,0.35,1,1
9123,5,2,235,2,2,1,0,1,110,125,0,0,0,0,0.175,0.825,0,0
6911,4,3,171,2,1,0,2,2,89,82,0,0,0,0,0.775,0.22499999999999998,1,1
6869,4,4,182,1,2,1,2,1,77,105,0,0,0,0,0.01,0.99,0,0
2446,2,1,63,0,1,0,0,1,28,35,0,0,0,0,0.025000000000000022,0.975,0,0
1203,1,5,32,0,0,2,2,1,16,16,0,0,0,0,0.5,0.5,0,0
15365,5,3,297,2,2,1,1,2,148,149,1,0,1,0,0.475,0.525,0,0
14518,5,3,292,2,2,2,0,1,148,144,0,0,0,0,0.7,0.30000000000000004,1,1
8018,3,2,169,1,1,1,0,2,86,83,1,0,0,0,0.625,0.375,1,1
6415,3,1,140,2,0,0,0,2,72,68,0,0,0,0,0.99,0.010000000000000009,1,1
711,1,3,17,0,0,0,2,2,7,10,0,0,0,0,0.325,0.675,0,0
1893,1,8,45,0,0,4,3,2,24,21,0,0,0,0,0.625,0.375,1,1
0,1,1,1,0,0,0,0,1,1,0,0,0,0,0,0.525,0.475,1,1
3622,2,3,79,0,1,2,0,2,36,43,0,0,0,0,0.125,0.875,0,0
8271,3,8,189,1,1,4,3,2,98,91,0,0,0,0,0.725,0.275,1,1
1023,1,3,21,0,0,0,2,2,8,13,0,0,0,0,0.275,0.725,0,0
2292,1,11,59,0,0,5,5,2,29,30,0,0,0,0,0.475,0.525,0,0
425,1,3,12,0,0,1,1,1,6,6,0,0,0,0,0.5,0.5,0,0
253,1,2,8,0,0,1,0,2,4,4,0,0,0,0,0.55,0.44999999999999996,1,1
13454,2,8,120,1,0,3,4,1,61,59,0,0,0,0,0.8,0.19999999999999996,1,1
14877,5,5,300,2,2,3,1,1,152,148,0,0,0,0,0.7,0.30000000000000004,1,1
8354,4,12,216,1,2,6,5,2,109,107,0,0,0,0,0.4,0.6,0,0
6937,3,5,164,0,2,1,3,1,77,87,0,0,0,0,0.01,0.99,0,0
269,1,2,8,0,0,0,1,1,3,5,0,0,0,0,0.4,0.6,0,0
10725,4,8,261,1,2,3,4,2,125,136,0,0,0,0,0.01,0.99,0,0
2892,2,2,64,0,1,0,1,2,24,40,0,0,0,0,0.01,0.99,0,0
10985,5,10,283,2,2,5,4,1,134,149,0,0,0,0,0.175,0.825,0,0
8009,3,11,218,1,1,5,5,1,114,104,0,0,0,0,0.75,0.25,1,1
0,1,1,1,0,0,0,0,2,0,1,0,0,0,0,0.475,0.525,0,0
9998,4,6,217,2,1,3,2,1,115,102,0,0,0,0,0.99,0.010000000000000009,1,1
3565,2,5,84,1,0,3,1,2,46,38,0,0,0,0,0.99,0.010000000000000009,1,1
3680,2,6,85,1,0,3,2,1,47,38,0,0,0,0,0.99,0.010000000000000009,1,1
22204,5,6,319,2,2,3,2,2,166,153,1,0,0,0,0.875,0.125,1,1
11612,3,13,201,0,2,6,6,2,99,102,0,0,0,0,0.01,0.99,0,0
8754,3,4,138,0,2,1,2,1,66,72,0,0,0,0,0.01,0.99,0,0
16937,4,5,219,2,1,2,2,2,116,103,0,0,0,0,0.99,0.010000000000000009,1,1
4323,2,7,101,1,0,1,5,2,45,56,0,0,0,0,0.32499999999999996,0.675,0,0
2556,2,1,70,1,0,0,0,2,37,33,0,0,0,0,0.9,0.09999999999999998,1,1
5187,3,1,114,1,1,0,0,2,59,55,0,0,0,0,0.6,0.4,1,1
3617,2,4,81,1,0,0,3,1,38,43,0,0,0,0,0.525,0.475,1,1
6774,3,3,130,1,1,1,1,2,68,62,0,0,0,0,0.65,0.35,1,1
3822,2,5,102,1,0,2,2,1,55,47,0,0,0,0,0.99,0.010000000000000009,1,1
7474,3,9,168,1,1,5,3,2,89,79,0,0,0,0,0.85,0.15000000000000002,1,1
5320,3,5,130,2,0,3,1,1,75,55,0,1,0,1,0.99,0.010000000000000009,1,1
925,1,5,25,0,0,3,1,2,15,10,0,0,0,0,0.725,0.275,1,1
11507,1,13,74,0,0,6,6,1,37,37,0,0,0,0,0.5,0.5,0,0
1882,1,7,41,0,0,2,4,2,20,21,0,0,0,0,0.375,0.625,0,0
14868,5,13,323,2,2,6,6,1,164,159,0,0,0,0,0.625,0.375,1,1
1363,1,7,39,0,0,4,2,1,22,17,0,0,0,0,0.725,0.275,1,1
3234,1,9,73,0,0,5,3,1,39,34,0,0,0,0,0.725,0.275,1,1
3569,2,7,88,1,0,3,3,2,47,41,0,0,0,0,0.95,0.050000000000000044,1,1
9758,3,5,188,1,1,3,1,2,92,96,0,0,0,0,0.5,0.5,0,0
3806,2,10,98,1,0,4,5,1,54,44,0,0,0,0,0.99,0.010000000000000009,1,1
1311,1,6,34,0,0,2,3,1,16,18,0,0,0,0,0.4,0.6,0,0
91779,3,7,125,0,2,2,4,1,49,76,0,0,0,0,0.01,0.99,0,0
4497,2,9,113,0,1,5,3,1,57,56,0,0,0,0,0.32499999999999996,0.675,0,0
89820,2,8,85,0,1,2,5,1,33,52,0,0,0,0,0.01,0.99,0,0
16052,3,2,157,2,0,1,0,2,82,75,0,0,0,0,0.99,0.010000000000000009,1,1
4936,3,5,120,1,1,2,2,1,62,58,0,0,0,0,0.6,0.4,1,1
11052,4,9,224,2,1,5,3,1,121,103,0,0,0,0,0.99,0.010000000000000009,1,1
3585,2,2,86,0,1,0,1,1,40,46,0,0,0,0,0.01,0.99,0,0
5692,3,2,149,0,2,0,1,1,62,87,0,1,0,1,0.01,0.99,0,0
2751,2,4,77,1,0,1,2,1,40,37,0,0,0,0,0.825,0.17500000000000004,1,1
11148,4,11,267,2,1,5,5,2,140,127,0,0,0,0,0.99,0.010000000000000009,1,1
15945,4,1,189,2,1,0,0,2,102,87,0,0,0,0,0.99,0.010000000000000009,1,1
1211,1,7,34,0,0,3,3,1,18,16,0,0,0,0,0.55,0.44999999999999996,1,1
9738,4,3,259,2,1,2,0,2,136,123,0,0,0,0,0.99,0.010000000000000009,1,1
14764,5,4,297,2,2,3,0,2,150,147,0,0,0,0,0.725,0.275,1,1
3529,2,4,84,1,0,1,2,1,49,35,0,0,0,0,0.99,0.010000000000000009,1,1
22162,5,6,318,2,2,3,2,2,166,152,0,0,0,0,0.9,0.09999999999999998,1,1
8183,3,9,183,2,0,5,3,2,99,84,0,0,0,0,0.99,0.010000000000000009,1,1
7602,3,1,169,2,0,0,0,1,93,76,0,0,0,0,0.99,0.010000000000000009,1,1
1826,1,8,49,0,0,3,4,2,25,24,0,0,0,0,0.475,0.525,0,0
11473,5,8,320,2,2,4,3,1,167,153,0,0,0,0,0.9,0.09999999999999998,1,1
1387,1,6,39,0,0,3,2,1,19,20,0,0,0,0,0.525,0.475,1,1
12352,4,4,248,2,1,2,1,1,127,121,0,0,0,0,0.9,0.09999999999999998,1,1
540,1,4,19,0,0,2,1,2,8,11,0,0,0,0,0.475,0.525,0,0
11327,1,12,68,0,0,6,5,2,34,34,0,0,0,0,0.55,0.44999999999999996,1,1
3456,2,5,78,0,1,0,4,1,29,49,0,0,0,0,0.01,0.99,0,0
3026,2,5,85,1,0,2,2,2,46,39,0,0,0,0,0.975,0.025000000000000022,1,1
7014,2,11,102,0,1,5,5,1,51,51,0,0,0,0,0.2,0.8,0,0
765,1,4,23,0,0,2,1,1,12,11,0,0,0,0,0.575,0.42500000000000004,1,1
7538,3,1,158,1,1,0,0,1,80,78,0,0,0,0,0.55,0.44999999999999996,1,1
8547,4,3,188,2,1,1,1,1,100,88,0,0,0,0,0.99,0.010000000000000009,1,1
16547,4,4,208,2,1,1,2,1,110,98,0,1,0,0,0.9500000000000001,0.04999999999999993,1,1
6578,2,13,150,1,0,6,6,1,76,74,0,0,0,0,0.85,0.15000000000000002,1,1
209,1,2,7,0,0,1,0,2,5,2,0,0,0,0,0.625,0.375,1,1
5536,3,1,151,1,1,0,0,1,79,72,0,0,0,0,0.675,0.32499999999999996,1,1
3477,2,4,92,1,0,2,1,2,52,40,0,0,0,0,0.99,0.010000000000000009,1,1
9642,5,5,249,2,2,3,1,2,118,131,0,0,0,0,0.27499999999999997,0.7250000000000001,0,0
4847,3,2,117,1,1,1,0,1,61,56,0,0,0,0,0.675,0.32499999999999996,1,1
6061,3,8,167,2,0,3,4,1,88,79,0,0,0,0,0.99,0.010000000000000009,1,1
13552,2,9,123,1,0,4,4,2,61,62,0,0,0,0,0.7749999999999999,0.2250000000000001,1,1
9420,3,12,217,1,1,6,5,2,110,107,0,0,0,0,0.625,0.375,1,1
2842,1,9,64,0,0,5,3,1,33,31,0,0,0,0,0.65,0.35,1,1
8736,4,1,177,2,1,0,0,1,92,85,0,0,0,0,0.875,0.125,1,1
9397,5,3,244,2,2,2,0,2,126,118,0,0,0,0,0.8,0.19999999999999996,1,1
8005,4,4,225,2,1,2,1,2,119,106,0,0,0,0,0.99,0.010000000000000009,1,1
12754,2,5,103,1,0,2,2,2,51,52,0,0,0,0,0.7749999999999999,0.2250000000000001,1,1
1365,1,6,35,0,0,2,3,1,17,18,0,0,0,0,0.425,0.575,0,0
7955,3,9,192,1,1,3,5,2,97,95,1,0,1,0,0.45,0.55,0,0
4529,2,8,100,0,1,5,2,2,53,47,0,0,0,0,0.5,0.5,0,0
16447,4,4,204,2,1,1,2,1,107,97,0,0,0,0,0.9,0.09999999999999998,1,1
5548,3,6,133,1,1,3,2,2,70,63,1,0,1,0,0.725,0.275,1,1
11743,4,1,234,2,1,0,0,2,118,116,0,0,0,0,0.75,0.25,1,1
4184,2,9,109,0,1,5,3,2,56,53,0,0,0,0,0.375,0.625,0,0
6666,3,7,177,0,2,2,4,1,82,95,0,0,0,0,0.01,0.99,0,0
1663,1,8,42,0,0,4,3,1,24,18,0,0,0,0,0.7,0.30000000000000004,1,1
9429,4,4,194,2,1,1,2,2,99,95,0,0,0,0,0.75,0.25,1,1
905,1,4,25,0,0,2,1,2,13,12,0,0,0,0,0.575,0.42500000000000004,1,1
4784,3,1,127,2,0,0,0,2,71,56,0,0,0,0,0.99,0.010000000000000009,1,1
10273,3,9,174,0,2,4,4,2,85,89,0,0,0,0,0.01,0.99,0,0
306,1,2,9,0,0,1,0,2,5,4,0,0,0,0,0.575,0.42500000000000004,1,1
18092,4,10,248,2,1,4,5,1,129,119,0,0,0,0,0.9,0.09999999999999998,1,1
4382,2,7,98,0,1,4,2,1,52,46,0,0,0,0,0.45,0.55,0,0
14320,5,2,287,2,2,1,0,2,144,143,0,0,0,0,0.575,0.42500000000000004,1,1
2966,2,1,76,1,0,0,0,1,42,34,0,0,0,0,0.99,0.010000000000000009,1,1
2555,1,13,71,0,0,6,6,2,35,36,0,0,0,0,0.475,0.525,0,0
10129,3,9,170,0,2,4,4,2,83,87,0,0,0,0,0.01,0.99,0,0
1183,1,4,31,0,0,1,2,1,16,15,0,0,0,0,0.475,0.525,0,0
6578,3,8,146,1,1,3,4,2,66,80,0,0,0,0,0.09999999999999998,0.9,0,0
4384,2,13,113,1,0,6,6,1,63,50,0,0,0,0,0.99,0.010000000000000009,1,1
3416,2,4,86,0,1,2,1,2,42,44,0,0,0,0,0.2,0.8,0,0
11712,4,4,248,2,1,0,3,1,127,121,0,0,0,0,0.7,0.30000000000000004,1,1
2124,2,1,54,0,1,0,0,1,22,32,0,0,0,0,0.01,0.99,0,0
3945,2,9,96,1,0,3,5,2,48,48,0,0,0,0,0.7,0.30000000000000004,1,1
5635,3,1,155,1,1,0,0,1,81,74,0,0,0,0,0.675,0.32499999999999996,1,1
1174,1,5,34,0,0,1,3,1,15,19,0,0,0,0,0.3,0.7,0,0
10117,5,7,261,2,2,3,3,2,124,137,0,0,0,0,0.175,0.825,0,0
2887,2,2,75,0,1,1,0,2,34,41,0,0,0,0,0.07499999999999996,0.925,0,0
3754,2,11,103,0,1,5,5,2,44,59,0,0,0,0,0.01,0.99,0,0
6339,3,6,167,0,2,0,5,1,67,100,0,0,0,0,0.01,0.99,0,0
682,1,5,20,0,0,1,3,1,7,13,0,0,0,0,0.25,0.75,0,0
10840,4,3,229,2,1,0,2,2,118,111,0,0,0,0,0.775,0.22499999999999998,1,1
7246,3,10,193,0,2,4,5,2,91,102,1,0,0,0,0.01,0.99,0,0
645,1,2,18,0,0,1,0,2,9,9,0,0,0,0,0.55,0.44999999999999996,1,1
6533,4,2,160,2,1,0,1,1,83,77,0,0,0,0,0.8,0.19999999999999996,1,1
4636,3,2,111,1,1,1,0,2,55,56,0,0,0,0,0.525,0.475,1,1
4162,2,9,108,0,1,5,3,2,56,52,0,0,0,0,0.4,0.6,0,0
3398,2,6,83,1,0,3,2,1,46,37,0,1,0,1,0.99,0.010000000000000009,1,1
934,1,5,26,0,0,2,2,2,12,14,0,0,0,0,0.45,0.55,0,0
5459,3,5,149,2,0,2,2,2,80,69,0,0,0,0,0.99,0.010000000000000009,1,1
5799,3,7,153,1,1,2,4,1,67,86,0,0,0,0,0.01,0.99,0,0
6960,3,4,141,0,2,2,1,2,67,74,0,0,0,0,0.01,0.99,0,0
5891,3,3,153,0,2,0,2,1,72,81,0,0,0,0,0.01,0.99,0,0
15924,3,1,154,2,0,0,0,1,80,74,0,0,0,0,0.99,0.010000000000000009,1,1
1449,1,7,38,0,0,4,2,2,23,15,0,0,0,0,0.8,0.19999999999999996,1,1
6010,4,1,146,2,1,0,0,2,78,68,0,0,0,0,0.95,0.050000000000000044,1,1
3459,2,1,90,0,1,0,0,2,38,52,0,0,0,0,0.01,0.99,0,0
2462,2,3,64,1,0,1,1,2,37,27,0,0,0,0,0.99,0.010000000000000009,1,1
5100,2,6,114,1,0,2,3,1,58,56,0,0,0,0,0.8,0.19999999999999996,1,1
1664,1,7,43,0,0,2,4,2,18,25,0,0,0,0,0.22499999999999998,0.775,0,0
15033,5,13,326,2,2,6,6,2,166,160,0,0,0,0,0.65,0.35,1,1
7366,3,13,163,0,2,6,6,2,70,93,0,0,0,0,0.01,0.99,0,0
1710,1,6,38,0,0,1,4,1,18,20,0,0,0,0,0.3,0.7,0,0
12666,2,4,101,1,0,1,2,1,51,50,0,0,0,0,0.775,0.22499999999999998,1,1
5283,2,10,122,1,0,4,5,1,66,56,0,0,0,0,0.99,0.010000000000000009,1,1
6338,4,1,166,1,2,0,0,2,71,95,0,0,0,0,0.01,0.99,0,0
3919,2,7,103,0,1,3,3,2,52,51,1,0,1,0,0.22500000000000003,0.7749999999999999,0,0
7634,3,6,154,0,2,3,2,2,73,81,0,0,0,0,0.01,0.99,0,0
4533,3,2,115,1,1,0,1,2,54,61,0,0,0,0,0.275,0.725,0,0
4357,2,5,97,1,0,1,3,2,46,51,0,0,0,0,0.575,0.42500000000000004,1,1
26,1,1,2,0,0,0,0,2,1,1,0,0,0,0,0.5,0.5,0,0
8062,3,10,193,1,1,4,5,1,98,95,0,0,0,0,0.525,0.475,1,1
2827,1,12,70,0,0,5,6,1,34,36,0,0,0,0,0.4,0.6,0,0
9022,3,5,173,1,1,3,1,2,85,88,0,0,0,0,0.525,0.475,1,1
10031,5,7,259,2,2,3,3,2,122,137,0,0,0,0,0.125,0.875,0,0
7490,3,1,157,1,1,0,0,1,79,78,0,0,0,0,0.525,0.475,1,1
6279,3,1,147,0,2,0,0,1,72,75,0,0,0,0,0.01,0.99,0,0
1644,1,6,42,0,0,3,2,1,23,19,0,0,0,0,0.65,0.35,1,1
3414,2,9,95,0,1,4,4,2,40,55,0,0,0,0,0.01,0.99,0,0
684,1,3,17,0,0,1,1,1,9,8,0,0,0,0,0.525,0.475,1,1
1459,1,5,39,0,0,2,2,2,21,18,1,0,0,0,0.575,0.42500000000000004,1,1
22097,5,6,316,2,2,3,2,2,165,151,0,0,0,0,0.9,0.09999999999999998,1,1
2430,2,1,62,0,1,0,0,2,28,34,0,0,0,0,0.04999999999999999,0.95,0,0
8158,3,2,126,0,2,0,1,1,59,67,0,0,0,0,0.01,0.99,0,0
16584,4,4,209,2,1,1,2,1,111,98,0,0,0,0,0.975,0.025000000000000022,1,1
3026,2,5,78,0,1,3,1,2,41,37,0,0,0,0,0.4,0.6,0,0
6163,3,12,171,2,0,6,5,2,100,71,0,0,0,0,0.99,0.010000000000000009,1,1
2878,2,1,64,1,0,0,0,2,32,32,0,0,0,0,0.8,0.19999999999999996,1,1
855,1,4,23,0,0,1,2,2,10,13,0,0,0,0,0.375,0.625,0,0
21302,5,2,295,2,2,1,0,2,153,142,0,0,0,0,0.825,0.17500000000000004,1,1
9133,3,6,148,0,2,2,3,1,72,76,0,0,0,0,0.01,0.99,0,0
1778,1,8,42,0,0,2,5,1,16,26,0,0,0,0,0.09999999999999998,0.9,0,0
9317,3,5,180,1,1,3,1,2,88,92,0,0,0,0,0.5,0.5,0,0
6079,3,5,158,0,2,1,3,1,73,85,0,0,0,0,0.01,0.99,0,0
90109,2,9,92,0,1,3,5,2,37,55,0,0,0,0,0.01,0.99,0,0
8987,4,10,252,2,1,5,4,2,132,120,0,0,0,0,0.99,0.010000000000000009,1,1
2673,2,2,70,0,1,1,0,2,33,37,0,0,0,0,0.15000000000000002,0.85,0,0
7285,3,7,175,0,2,2,4,1,84,91,0,0,0,0,0.01,0.99,0,0
5996,2,10,132,1,0,4,5,1,67,65,0,0,0,0,0.8,0.19999999999999996,1,1
8380,4,9,207,2,1,4,4,2,110,97,0,0,0,0,0.99,0.010000000000000009,1,1
2681,1,12,69,0,0,6,5,2,33,36,0,0,0,0,0.475,0.525,0,0
14879,5,2,287,2,2,0,1,1,141,146,0,0,0,0,0.325,0.675,0,0
3316,2,4,85,0,1,2,1,2,41,44,0,0,0,0,0.175,0.825,0,0
91692,3,6,124,0,2,2,3,2,49,75,0,0,0,0,0.01,0.99,0,0
2009,2,2,56,0,1,0,1,1,24,32,0,0,0,0,0.01,0.99,0,0
10576,5,7,280,2,2,5,1,2,147,133,0,0,0,0,0.99,0.010000000000000009,1,1
9494,4,5,205,2,1,3,1,2,110,95,0,0,0,0,0.99,0.010000000000000009,1,1
1820,1,8,47,0,0,4,3,2,26,21,0,0,0,0,0.675,0.32499999999999996,1,1
3065,2,6,78,1,0,2,3,1,43,35,0,0,0,0,0.95,0.050000000000000044,1,1
15323,3,13,176,2,0,6,6,1,97,79,0,0,0,0,0.99,0.010000000000000009,1,1
5732,3,1,135,1,1,0,0,2,69,66,0,0,0,0,0.575,0.42500000000000004,1,1
7217,4,5,186,1,2,2,2,1,92,94,0,0,0,0,0.25,0.75,0,0
4812,3,1,127,1,1,0,0,1,58,69,0,0,0,0,0.22499999999999998,0.775,0,0
6672,4,2,158,2,1,1,0,2,87,71,0,0,0,0,0.99,0.010000000000000009,1,1
4224,2,5,94,1,0,1,3,2,46,48,0,0,0,0,0.65,0.35,1,1
1599,1,7,38,0,0,3,3,2,20,18,0,0,0,0,0.55,0.44999999999999996,1,1
8068,4,4,227,2,1,2,1,2,119,108,0,0,0,0,0.99,0.010000000000000009,1,1
4580,3,2,117,1,1,0,1,2,54,63,0,0,0,0,0.22499999999999998,0.775,0,0
8181,4,8,202,2,1,3,4,1,107,95,0,0,0,0,0.9500000000000001,0.04999999999999993,1,1
2065,1,9,55,0,0,5,3,2,31,24,0,0,0,0,0.775,0.22499999999999998,1,1
10135,3,5,196,1,1,3,1,2,96,100,0,0,0,0,0.5,0.5,0,0
8506,4,3,192,2,1,1,1,2,100,92,0,0,0,0,0.9,0.09999999999999998,1,1
726,1,3,21,0,0,1,1,1,11,10,0,0,0,0,0.525,0.475,1,1
2929,2,1,74,1,0,0,0,1,40,34,0,0,0,0,0.95,0.050000000000000044,1,1
3537,2,5,90,0,1,3,1,1,45,45,0,0,0,0,0.3,0.7,0,0
1642,1,7,39,0,0,3,3,2,21,18,0,0,0,0,0.575,0.42500000000000004,1,1
10479,3,10,177,0,2,4,5,1,87,90,0,0,0,0,0.01,0.99,0,0
486,1,3,16,0,0,1,1,2,6,10,0,0,0,0,0.4,0.6,0,0
4334,2,5,112,0,1,2,2,2,50,62,0,0,0,0,0.01,0.99,0,0
4877,2,6,108,1,0,3,2,1,61,47,0,0,0,0,0.99,0.010000000000000009,1,1
2674,2,2,67,1,0,0,1,1,38,29,0,0,0,0,0.975,0.025000000000000022,1,1
6064,4,1,148,2,1,0,0,2,79,69,0,0,0,0,0.95,0.050000000000000044,1,1
9858,3,11,205,1,1,5,5,1,103,102,0,1,0,0,0.525,0.475,1,1
5487,3,4,125,1,1,2,1,2,56,69,0,0,0,0,0.22499999999999998,0.775,0,0
16879,3,5,179,2,0,2,2,1,94,85,0,0,0,0,0.99,0.010000000000000009,1,1
5133,2,10,130,0,1,4,5,2,63,67,0,0,0,0,0.050000000000000044,0.95,0,0
17478,4,7,235,2,1,3,3,2,125,110,0,0,0,0,0.99,0.010000000000000009,1,1
4712,3,1,118,1,1,0,0,2,60,58,0,0,0,0,0.55,0.44999999999999996,1,1
237,1,2,7,0,0,0,1,1,2,5,0,0,0,0,0.375,0.625,0,0
4371,3,2,105,1,1,1,0,2,53,52,0,0,0,0,0.575,0.42500000000000004,1,1
8857,4,4,188,1,2,1,2,2,85,103,0,0,0,0,0.01,0.99,0,0
2102,2,1,52,0,1,0,0,1,23,29,0,0,0,0,0.04999999999999999,0.95,0,0
10961,3,12,188,0,2,5,6,1,93,95,0,0,0,0,0.01,0.99,0,0
4617,2,9,116,0,1,5,3,1,58,58,0,0,0,0,0.3,0.7,0,0
2723,2,4,70,1,0,1,2,1,40,30,0,0,0,0,0.99,0.010000000000000009,1,1
2127,1,12,60,0,0,6,5,2,29,31,0,0,0,0,0.5,0.5,0,0
9984,4,6,208,2,1,2,3,2,107,101,0,0,0,0,0.8,0.19999999999999996,1,1
7313,3,13,162,0,2,6,6,1,69,93,0,0,0,0,0.01,0.99,0,0
4221,2,5,105,0,1,1,3,1,49,56,0,0,0,0,0.01,0.99,0,0
1396,1,6,38,0,0,2,3,2,17,21,0,0,0,0,0.35,0.65,0,0
2365,2,3,61,0,1,1,1,2,24,37,0,0,0,0,0.01,0.99,0,0
275,1,3,11,0,0,1,1,1,5,6,0,0,0,0,0.475,0.525,0,0
3211,2,3,67,0,1,2,0,1,29,38,0,0,0,0,0.07499999999999996,0.925,0,0
1727,1,6,36,0,0,0,5,1,13,23,0,0,0,0,0.01,0.99,0,0
5647,3,6,148,1,1,2,3,2,65,83,0,0,0,0,0.01,0.99,0,0
1362,1,6,35,0,0,2,3,1,18,17,0,0,0,0,0.475,0.525,0,0
5089,2,7,103,0,1,2,4,1,49,54,0,0,0,0,0.01,0.99,0,0
10372,4,7,255,1,2,3,3,1,125,130,0,0,0,0,0.17500000000000004,0.825,0,0
230,1,2,9,0,0,1,0,2,4,5,0,0,0,0,0.525,0.475,1,1
4127,2,9,104,0,1,5,3,1,51,53,0,0,0,0,0.25,0.75,0,0
3788,2,5,91,1,0,2,2,2,53,38,0,0,0,0,0.99,0.010000000000000009,1,1
9806,4,5,242,1,2,2,2,1,120,122,0,0,0,0,0.25,0.75,0,0
931,1,4,24,0,0,2,1,2,13,11,0,0,0,0,0.6,0.4,1,1
3152,2,6,80,0,1,3,2,2,37,43,0,0,0,0,0.09999999999999998,0.9,0,0
3138,2,2,82,0,1,0,1,1,38,44,0,0,0,0,0.01,0.99,0,0
12099,2,1,85,1,0,0,0,2,41,44,0,0,0,0,0.725,0.275,1,1
19974,4,12,266,2,1,5,6,1,138,128,0,0,0,0,0.9,0.09999999999999998,1,1
403,1,3,12,0,0,1,1,2,5,7,0,0,0,0,0.45,0.55,0,0
717,1,4,20,0,0,1,2,1,9,11,0,0,0,0,0.4,0.6,0,0
4575,2,5,100,1,0,3,1,2,56,44,1,0,0,0,0.99,0.010000000000000009,1,1
20087,4,13,270,2,1,6,6,1,140,130,0,0,0,0,0.95,0.050000000000000044,1,1
2168,1,10,58,0,0,4,5,1,26,32,0,0,0,0,0.3,0.7,0,0
1215,1,4,24,0,0,0,3,1,9,15,0,0,0,0,0.19999999999999996,0.8,0,0
9099,3,6,146,0,2,2,3,1,70,76,0,0,0,0,0.01,0.99,0,0
11405,5,8,318,2,2,4,3,1,166,152,0,0,0,0,0.9,0.09999999999999998,1,1
4025,2,6,107,0,1,2,3,1,50,57,0,0,0,0,0.01,0.99,0,0
3893,2,3,101,0,1,1,1,2,45,56,0,0,0,0,0.01,0.99,0,0
99,1,1,4,0,0,0,0,2,1,3,0,0,0,0,0.45,0.55,0,0
9869,4,5,234,2,1,2,2,2,123,111,0,0,0,0,0.99,0.010000000000000009,1,1
7969,4,8,189,2,1,5,2,2,106,83,0,0,0,0,0.99,0.010000000000000009,1,1
3234,2,4,83,1,0,1,2,1,43,40,0,1,0,1,0.825,0.17500000000000004,1,1
57,1,1,4,0,0,0,0,1,3,1,0,0,0,0,0.55,0.44999999999999996,1,1
2374,1,10,62,0,0,5,4,1,34,28,0,0,0,0,0.7,0.30000000000000004,1,1
9475,4,2,250,2,1,1,0,1,132,118,0,0,0,0,0.99,0.010000000000000009,1,1
420,1,2,12,0,0,0,1,1,6,6,0,0,0,0,0.45,0.55,0,0
4162,2,9,105,0,1,5,3,1,51,54,0,0,0,0,0.22499999999999998,0.775,0,0
6624,3,8,147,1,1,3,4,2,66,81,0,0,0,0,0.07500000000000001,0.925,0,0
7152,3,5,159,2,0,2,2,2,86,73,1,0,1,0,0.99,0.010000000000000009,1,1
464,1,2,13,0,0,0,1,2,6,7,0,0,0,0,0.425,0.575,0,0
4805,3,4,117,1,1,2,1,2,60,57,0,0,0,0,0.625,0.375,1,1
3057,2,1,68,0,1,0,0,1,33,35,0,0,0,0,0.15000000000000002,0.85,0,0
6321,3,9,177,2,0,4,4,2,94,83,0,0,0,0,0.99,0.010000000000000009,1,1
5773,3,9,141,1,1,5,3,1,75,66,0,0,0,0,0.825,0.17500000000000004,1,1
73,1,1,5,0,0,0,0,1,4,1,0,0,0,0,0.575,0.42500000000000004,1,1
6658,2,9,153,1,0,4,4,1,81,72,0,0,0,0,0.99,0.010000000000000009,1,1
2254,2,2,60,1,0,0,1,1,33,27,0,0,0,0,0.9,0.09999999999999998,1,1
4521,3,4,125,2,0,2,1,2,73,52,0,0,0,0,0.99,0.010000000000000009,1,1
5623,3,5,140,1,1,3,1,2,75,65,1,0,1,0,0.85,0.15000000000000002,1,1
17376,3,8,191,2,0,4,3,2,101,90,0,0,0,0,0.99,0.010000000000000009,1,1
10920,1,10,59,0,0,5,4,2,28,31,0,0,0,0,0.475,0.525,0,0
7887,4,7,195,2,1,3,3,2,103,92,0,0,0,0,0.975,0.025000000000000022,1,1
1659,1,7,40,0,0,2,4,2,15,25,0,0,0,0,0.15000000000000002,0.85,0,0
730,1,4,21,0,0,1,2,1,9,12,0,0,0,0,0.375,0.625,0,0
8107,4,9,214,1,2,4,4,2,97,117,1,0,1,0,0.01,0.99,0,0
3157,2,7,79,0,1,3,3,1,38,41,0,0,0,0,0.125,0.875,0,0
16732,4,5,213,2,1,2,2,2,114,99,0,0,0,0,0.99,0.010000000000000009,1,1
5749,3,6,157,2,0,2,3,1,83,74,0,1,0,0,0.99,0.010000000000000009,1,1
5610,3,5,128,1,1,2,2,1,57,71,0,0,0,0,0.14999999999999997,0.8500000000000001,0,0
9529,3,8,200,1,1,5,2,2,105,95,0,0,0,0,0.9,0.09999999999999998,1,1
7107,3,13,159,0,2,6,6,2,66,93,0,0,0,0,0.01,0.99,0,0
3915,2,5,79,0,1,2,2,1,34,45,0,0,0,0,0.01,0.99,0,0
4909,3,2,130,1,1,1,0,2,59,71,0,0,0,0,0.24999999999999994,0.75,0,0
1848,1,7,40,0,0,3,3,1,19,21,0,0,0,0,0.45,0.55,0,0
7044,3,7,158,1,1,4,2,2,84,74,0,0,0,0,0.85,0.15000000000000002,1,1
13680,5,9,293,2,2,4,4,1,148,145,0,0,0,0,0.575,0.42500000000000004,1,1
5051,3,3,124,1,1,2,0,2,64,60,0,0,0,0,0.7,0.30000000000000004,1,1
6419,3,2,130,0,2,1,0,2,61,69,0,0,0,0,0.01,0.99,0,0
3379,2,3,75,1,0,0,2,2,36,39,0,0,0,0,0.625,0.375,1,1
15414,5,7,314,2,2,5,1,1,160,154,0,0,0,0,0.85,0.15000000000000002,1,1
7781,3,2,172,2,0,1,0,2,95,77,0,0,0,0,0.99,0.010000000000000009,1,1
5696,3,3,127,1,1,1,1,2,67,60,0,0,0,0,0.675,0.32499999999999996,1,1
4190,2,7,96,1,0,1,5,2,42,54,0,0,0,0,0.29999999999999993,0.7000000000000001,0,0
6572,4,2,161,2,1,0,1,1,84,77,0,1,0,0,0.825,0.17500000000000004,1,1
652,1,3,16,0,0,1,1,1,9,7,0,0,0,0,0.55,0.44999999999999996,1,1
2552,2,1,67,0,1,0,0,1,30,37,0,0,0,0,0.025000000000000022,0.975,0,0
2261,1,10,59,0,0,5,4,2,29,30,0,0,0,0,0.525,0.475,1,1
4114,2,4,82,0,1,1,2,2,37,45,0,0,0,0,0.01,0.99,0,0
9289,3,9,211,2,0,5,3,1,116,95,0,0,0,0,0.99,0.010000000000000009,1,1
917,1,4,25,0,0,1,2,2,10,15,0,0,0,0,0.325,0.675,0,0
8260,3,12,225,1,1,6,5,2,118,107,1,0,0,0,0.825,0.17500000000000004,1,1
9429,5,3,245,2,2,2,0,2,127,118,0,0,0,0,0.825,0.17500000000000004,1,1
9605,4,4,227,2,1,1,2,1,119,108,0,0,0,0,0.925,0.07499999999999996,1,1
1205,1,4,27,0,0,2,1,2,13,14,0,0,0,0,0.525,0.475,1,1
4298,2,5,98,1,0,3,1,2,53,45,0,0,0,0,0.99,0.010000000000000009,1,1
4338,2,8,117,1,0,5,2,2,66,51,0,0,0,0,0.99,0.010000000000000009,1,1
3111,2,2,76,1,0,0,1,1,41,35,0,1,0,1,0.9,0.09999999999999998,1,1
7174,3,6,170,1,1,2,3,1,85,85,0,0,0,0,0.45,0.55,0,0
6251,4,1,153,2,1,0,0,2,81,72,0,0,0,0,0.925,0.07499999999999996,1,1
5119,3,7,144,2,0,3,3,1,84,60,0,0,0,0,0.99,0.010000000000000009,1,1
2433,2,1,63,0,1,0,0,2,28,35,0,0,0,0,0.025000000000000022,0.975,0,0
15328,5,3,296,2,2,1,1,2,147,149,0,0,0,0,0.45,0.55,0,0
2093,1,9,52,0,0,4,4,1,27,25,0,0,0,0,0.55,0.44999999999999996,1,1
5063,2,7,102,0,1,2,4,1,48,54,0,0,0,0,0.01,0.99,0,0
8578,3,10,174,0,2,5,4,2,84,90,0,0,0,0,0.01,0.99,0,0
1189,1,6,34,0,0,3,2,2,18,16,0,0,0,0,0.6,0.4,1,1
8853,3,10,179,0,2,5,4,2,86,93,0,0,0,0,0.01,0.99,0,0
1851,1,8,47,0,0,2,5,1,19,28,0,0,0,0,0.125,0.875,0,0
9556,3,13,193,0,2,6,6,2,94,99,0,0,0,0,0.01,0.99,0,0
13340,4,8,269,2,1,2,5,1,134,135,0,0,0,0,0.525,0.475,1,1
5996,3,10,154,1,1,4,5,2,75,79,0,0,0,0,0.35,0.65,0,0
1822,1,7,48,0,0,3,3,1,25,23,0,0,0,0,0.55,0.44999999999999996,1,1
4425,2,6,110,0,1,2,3,2,51,59,0,0,0,0,0.01,0.99,0,0
2197,1,8,54,0,0,3,4,1,26,28,0,0,0,0,0.4,0.6,0,0
1635,1,7,47,0,0,4,2,2,23,24,0,0,0,0,0.575,0.42500000000000004,1,1
5727,3,6,151,1,1,2,3,2,66,85,0,0,0,0,0.01,0.99,0,0
10485,3,6,201,1,1,4,1,1,101,100,0,0,0,0,0.675,0.32499999999999996,1,1
13546,4,8,274,2,1,2,5,1,137,137,0,0,0,0,0.55,0.44999999999999996,1,1
2344,1,10,61,0,0,5,4,1,34,27,0,0,0,0,0.725,0.275,1,1
14397,5,3,289,2,2,2,0,1,145,144,0,0,0,0,0.625,0.375,1,1
3582,2,3,77,0,1,2,0,2,36,41,0,0,0,0,0.175,0.825,0,0
4723,2,12,130,1,0,5,6,1,68,62,0,0,0,0,0.9,0.09999999999999998,1,1
6248,3,3,148,1,1,1,1,2,75,73,0,0,0,0,0.55,0.44999999999999996,1,1
297,1,2,9,0,0,0,1,1,3,6,0,0,0,0,0.375,0.625,0,0
7615,4,8,190,2,1,5,2,2,106,84,0,0,0,0,0.99,0.010000000000000009,1,1
14671,5,1,283,2,2,0,0,2,139,144,0,0,0,0,0.375,0.625,0,0
7028,4,5,186,1,2,2,2,2,80,106,0,0,0,0,0.01,0.99,0,0
6419,2,12,125,0,1,6,5,2,58,67,0,0,0,0,0.025000000000000022,0.975,0,0
4782,2,8,120,0,1,3,4,2,58,62,0,0,0,0,0.050000000000000044,0.95,0,0
697,1,4,18,0,0,1,2,1,9,9,0,0,0,0,0.45,0.55,0,0
91088,3,4,111,0,2,2,1,2,46,65,0,0,0,0,0.01,0.99,0,0
3305,2,6,91,1,0,2,3,1,47,44,0,0,0,0,0.825,0.17500000000000004,1,1
2054,1,9,48,0,0,3,5,2,20,28,0,0,0,0,0.2,0.8,0,0
4015,2,6,96,1,0,3,2,1,55,41,0,0,0,0,0.99,0.010000000000000009,1,1
2126,1,8,45,0,0,2,5,1,21,24,0,0,0,0,0.275,0.725,0,0
2803,2,4,73,0,1,2,1,2,32,41,0,0,0,0,0.025000000000000022,0.975,0,0
11188,3,13,192,0,2,6,6,1,95,97,0,0,0,0,0.01,0.99,0,0
4032,2,12,104,1,0,5,6,1,55,49,0,0,0,0,0.9,0.09999999999999998,1,1
2011,1,9,54,0,0,3,5,1,24,30,0,0,0,0,0.25,0.75,0,0
909,1,4,24,0,0,1,2,1,12,12,0,0,0,0,0.45,0.55,0,0
788,1,4,23,0,0,3,0,2,15,8,0,0,0,0,0.825,0.17500000000000004,1,1
3066,2,1,80,0,1,0,0,2,36,44,0,0,0,0,0.01,0.99,0,0
7405,3,8,203,1,1,3,4,2,106,97,1,0,1,0,0.675,0.32499999999999996,1,1
2377,1,9,52,0,0,3,5,2,25,27,0,0,0,0,0.35,0.65,0,0
2529,1,13,70,0,0,6,6,1,35,35,0,0,0,0,0.5,0.5,0,0
7198,3,9,173,1,1,5,3,2,89,84,0,0,0,0,0.725,0.275,1,1
1417,1,7,39,0,0,3,3,1,21,18,0,0,0,0,0.575,0.42500000000000004,1,1
16578,5,9,325,2,2,5,3,2,163,162,0,0,0,0,0.625,0.375,1,1
17395,3,8,192,2,0,4,3,2,101,91,0,0,0,0,0.99,0.010000000000000009,1,1
4819,2,8,122,0,1,3,4,2,58,64,0,0,0,0,0.01,0.99,0,0
954,1,4,25,0,0,1,2,1,13,12,0,0,0,0,0.475,0.525,0,0
2447,2,2,59,1,0,0,1,1,31,28,0,0,0,0,0.825,0.17500000000000004,1,1
6530,3,5,181,1,1,1,3,1,92,89,0,0,0,0,0.47500000000000003,0.5249999999999999,0,0
2961,2,3,81,1,0,2,0,2,45,36,0,0,0,0,0.99,0.010000000000000009,1,1
89850,2,8,86,0,1,2,5,1,34,52,0,0,0,0,0.01,0.99,0,0
15673,5,5,304,2,2,3,1,2,152,152,0,0,0,0,0.6,0.4,1,1
16,1,1,2,0,0,0,0,2,0,2,0,0,0,0,0.45,0.55,0,0
4737,2,6,95,0,1,2,3,2,44,51,0,0,0,0,0.01,0.99,0,0
2903,2,4,72,0,1,2,1,1,37,35,0,0,0,0,0.3,0.7,0,0
1712,1,8,46,0,0,5,2,1,27,19,0,0,0,0,0.85,0.15000000000000002,1,1
155,1,2,6,0,0,0,1,1,1,5,0,0,0,0,0.35,0.65,0,0
2947,2,5,76,0,1,2,2,1,33,43,0,0,0,0,0.01,0.99,0,0
10651,4,8,254,2,1,3,4,1,133,121,0,0,0,0,0.9500000000000001,0.04999999999999993,1,1
5367,2,12,138,0,1,5,6,1,65,73,0,0,0,0,0.01,0.99,0,0
1362,1,4,33,0,0,2,1,1,18,15,0,0,0,0,0.625,0.375,1,1
7610,3,9,184,0,2,3,5,1,88,96,0,0,0,0,0.01,0.99,0,0
5913,3,7,163,2,0,3,3,2,86,77,0,0,0,0,0.99,0.010000000000000009,1,1
3826,2,4,85,0,1,2,1,2,44,41,0,0,0,0,0.325,0.675,0,0
1293,1,6,28,0,0,2,3,1,12,16,0,0,0,0,0.35,0.65,0,0
2351,1,9,51,0,0,3,5,2,25,26,0,0,0,0,0.375,0.625,0,0
6211,3,8,149,2,0,4,3,2,84,65,0,0,0,0,0.99,0.010000000000000009,1,1
4352,2,10,113,0,1,5,4,1,58,55,0,0,0,0,0.325,0.675,0,0
6566,4,2,167,1,2,1,0,2,82,85,1,0,0,0,0.275,0.725,0,0
5958,4,1,144,2,1,0,0,2,77,67,0,0,0,0,0.95,0.050000000000000044,1,1
8188,3,8,164,1,1,4,3,1,85,79,0,0,0,0,0.7,0.30000000000000004,1,1
3976,2,5,89,1,0,1,3,2,42,47,0,0,0,0,0.575,0.42500000000000004,1,1
3815,2,7,100,0,1,3,3,2,49,51,0,0,0,0,0.15000000000000002,0.85,0,0
7161,3,10,159,1,1,4,5,2,71,88,0,0,0,0,0.024999999999999967,0.9750000000000001,0,0
8910,4,1,218,1,2,0,0,1,109,109,0,0,0,0,0.30000000000000004,0.7,0,0
5537,3,6,134,2,0,3,2,2,78,56,0,0,0,0,0.99,0.010000000000000009,1,1
9762,4,13,277,2,1,6,6,2,143,134,0,0,0,0,0.925,0.07499999999999996,1,1
7870,3,9,190,1,1,3,5,2,95,95,0,0,0,0,0.4,0.6,0,0
10391,4,8,218,2,1,3,4,2,111,107,0,0,0,0,0.75,0.25,1,1
10929,3,12,187,0,2,5,6,1,92,95,0,0,0,0,0.01,0.99,0,0
872,1,5,24,0,0,2,2,2,11,13,0,0,0,0,0.45,0.55,0,0
4918,2,7,109,1,0,4,2,2,62,47,0,0,0,0,0.99,0.010000000000000009,1,1
6875,3,6,154,1,1,3,2,1,81,73,0,0,0,0,0.75,0.25,1,1
8576,4,10,210,2,1,5,4,1,113,97,0,0,0,0,0.99,0.010000000000000009,1,1
4478,2,7,101,0,1,3,3,2,47,54,0,0,0,0,0.025000000000000022,0.975,0,0
5753,3,5,131,1,1,2,2,1,58,73,0,1,0,1,0.125,0.875,0,0
1736,1,8,48,0,0,4,3,1,24,24,0,0,0,0,0.55,0.44999999999999996,1,1
5318,3,2,117,1,1,0,1,1,61,56,0,0,0,0,0.575,0.42500000000000004,1,1
9414,3,7,199,1,1,4,2,1,105,94,0,0,0,0,0.875,0.125,1,1
1567,1,6,37,0,0,2,3,1,17,20,0,0,0,0,0.375,0.625,0,0
8514,3,12,202,1,1,6,5,1,105,97,0,0,0,0,0.75,0.25,1,1
1987,1,9,57,0,0,5,3,2,29,28,0,0,0,0,0.625,0.375,1,1
3186,2,2,74,1,0,0,1,1,37,37,0,0,0,0,0.75,0.25,1,1
1884,1,8,48,0,0,2,5,1,20,28,0,1,0,0,0.15000000000000002,0.85,0,0
6502,4,1,154,2,1,0,0,1,84,70,0,0,0,0,0.99,0.010000000000000009,1,1
2617,1,8,60,0,0,4,3,2,32,28,0,0,0,0,0.65,0.35,1,1
307,1,2,8,0,0,1,0,1,4,4,0,0,0,0,0.55,0.44999999999999996,1,1
2896,1,13,76,0,0,6,6,1,33,43,0,0,0,0,0.25,0.75,0,0
293,1,3,12,0,0,1,1,1,6,6,0,0,0,0,0.5,0.5,0,0
2097,1,9,61,0,0,5,3,2,30,31,0,0,0,0,0.575,0.42500000000000004,1,1
7444,3,7,165,2,0,4,2,2,90,75,0,0,0,0,0.99,0.010000000000000009,1,1
227,1,2,7,0,0,0,1,1,3,4,0,0,0,0,0.425,0.575,0,0
7150,4,4,170,2,1,2,1,2,92,78,0,0,0,0,0.99,0.010000000000000009,1,1
14619,3,9,158,2,0,4,4,1,89,69,0,0,0,0,0.99,0.010000000000000009,1,1
8366,4,6,235,2,1,3,2,2,123,112,0,0,0,0,0.99,0.010000000000000009,1,1
13100,4,5,252,2,1,2,2,1,128,124,0,0,0,0,0.8,0.19999999999999996,1,1
7675,4,8,197,1,2,4,3,2,98,99,0,0,0,0,0.325,0.675,0,0
13143,2,7,113,1,0,3,3,2,57,56,0,0,0,0,0.825,0.17500000000000004,1,1
5666,3,2,145,0,2,0,1,2,67,78,0,0,0,0,0.01,0.99,0,0
6303,3,5,167,0,2,1,3,1,78,89,0,0,0,0,0.01,0.99,0,0
8873,3,7,200,2,0,4,2,1,112,88,0,0,0,0,0.99,0.010000000000000009,1,1
10723,5,4,299,2,2,1,2,1,154,145,0,0,0,0,0.675,0.32499999999999996,1,1
2417,2,1,56,1,0,0,0,2,31,25,0,0,0,0,0.95,0.050000000000000044,1,1
5808,2,13,149,0,1,6,6,2,70,79,0,0,0,0,0.01,0.99,0,0
2635,2,1,72,1,0,0,0,2,39,33,1,0,1,0,0.95,0.050000000000000044,1,1
3857,2,11,100,1,0,5,5,2,54,46,0,0,0,0,0.99,0.010000000000000009,1,1
1589,1,7,44,0,0,3,3,1,24,20,0,0,0,0,0.6,0.4,1,1
14066,5,10,303,2,2,5,4,2,154,149,0,0,0,0,0.675,0.32499999999999996,1,1
9319,4,6,199,1,2,2,3,2,90,109,0,0,0,0,0.01,0.99,0,0
596,1,3,16,0,0,1,1,2,8,8,0,0,0,0,0.5,0.5,0,0
1816,1,7,44,0,0,3,3,1,22,22,0,1,0,0,0.5,0.5,0,0
2716,2,1,68,1,0,0,0,2,37,31,0,0,0,0,0.95,0.050000000000000044,1,1
14995,3,11,168,2,0,5,5,1,93,75,0,0,0,0,0.99,0.010000000000000009,1,1
2429,1,9,54,0,0,3,5,2,25,29,0,0,0,0,0.3,0.7,0,0
4943,3,1,118,2,0,0,0,1,67,51,0,0,0,0,0.99,0.010000000000000009,1,1
22604,5,8,327,2,2,5,2,2,173,154,0,0,0,0,0.99,0.010000000000000009,1,1
9344,5,3,242,2,2,2,0,2,125,117,0,0,0,0,0.8,0.19999999999999996,1,1
1407,1,6,40,0,0,3,2,1,20,20,0,0,0,0,0.55,0.44999999999999996,1,1
6766,3,12,190,2,0,5,6,1,99,91,0,0,0,0,0.99,0.010000000000000009,1,1
6346,2,12,123,0,1,6,5,2,58,65,0,0,0,0,0.07499999999999996,0.925,0,0
9385,4,4,201,2,1,2,1,1,107,94,0,0,0,0,0.99,0.010000000000000009,1,1
5166,3,4,126,1,1,2,1,1,66,60,0,0,0,0,0.7,0.30000000000000004,1,1
2309,1,13,64,0,0,6,6,2,30,34,0,0,0,0,0.4,0.6,0,0
544,1,4,16,0,0,1,2,1,6,10,0,0,0,0,0.35,0.65,0,0
9870,3,9,209,1,1,5,3,1,110,99,0,0,0,0,0.875,0.125,1,1
8342,3,11,208,0,2,5,5,1,101,107,0,0,0,0,0.01,0.99,0,0
11232,4,11,269,2,1,5,5,2,142,127,0,0,0,0,0.99,0.010000000000000009,1,1
6287,3,8,152,2,0,4,3,2,86,66,0,0,0,0,0.99,0.010000000000000009,1,1
91559,3,6,120,0,2,2,3,2,49,71,0,0,0,0,0.01,0.99,0,0
182,1,1,5,0,0,0,0,2,3,2,0,0,0,0,0.525,0.475,1,1
7973,3,2,168,1,1,1,0,2,86,82,0,0,0,0,0.65,0.35,1,1
5316,2,8,106,0,1,3,4,2,50,56,0,0,0,0,0.01,0.99,0,0
6688,3,13,185,2,0,6,6,2,107,78,0,0,0,0,0.99,0.010000000000000009,1,1
132,1,1,5,0,0,0,0,1,3,2,0,0,0,0,0.525,0.475,1,1
10556,3,10,179,0,2,4,5,1,89,90,0,0,0,0,0.01,0.99,0,0
493,1,2,14,0,0,0,1,2,6,8,0,0,0,0,0.4,0.6,0,0
202,1,1,6,0,0,0,0,2,3,3,1,0,0,0,0.5,0.5,0,0
4847,3,2,110,1,1,1,0,2,50,60,0,0,0,0,0.3,0.7,0,0
933,1,4,27,0,0,2,1,1,15,12,0,0,0,0,0.625,0.375,1,1
4909,2,9,128,0,1,4,4,2,59,69,0,0,0,0,0.01,0.99,0,0
7119,4,4,169,2,1,2,1,2,92,77,0,0,0,0,0.99,0.010000000000000009,1,1
10649,4,8,215,2,1,4,3,2,116,99,1,0,1,0,0.99,0.010000000000000009,1,1
13510,4,11,287,2,1,5,5,2,149,138,0,0,0,0,0.975,0.025000000000000022,1,1
2042,2,1,50,0,1,0,0,2,20,30,0,0,0,0,0.01,0.99,0,0
1478,1,5,32,0,0,2,2,1,16,16,0,0,0,0,0.5,0.5,0,0
5110,2,10,129,0,1,4,5,2,63,66,0,0,0,0,0.07500000000000001,0.925,0,0
6576,3,2,144,2,0,0,1,1,76,68,0,0,0,0,0.99,0.010000000000000009,1,1
7579,3,1,168,2,0,0,0,1,92,76,0,0,0,0,0.99,0.010000000000000009,1,1
8719,4,3,197,2,1,1,1,2,103,94,0,0,0,0,0.925,0.07499999999999996,1,1
4610,3,3,112,1,1,1,1,1,58,54,0,0,0,0,0.6,0.4,1,1
5785,2,13,135,0,1,6,6,2,66,69,0,0,0,0,0.125,0.875,0,0
9213,4,5,198,1,2,1,3,1,90,108,0,0,0,0,0.01,0.99,0,0
9515,3,13,192,0,2,6,6,1,93,99,0,0,0,0,0.01,0.99,0,0
9193,3,8,208,2,0,5,2,2,116,92,1,0,0,0,0.99,0.010000000000000009,1,1
300,1,3,10,0,0,1,1,2,6,4,0,0,0,0,0.55,0.44999999999999996,1,1
9059,4,1,214,2,1,0,0,2,112,102,0,0,0,0,0.95,0.050000000000000044,1,1
6032,3,2,166,1,1,0,1,2,84,82,0,0,0,0,0.5,0.5,0,0
54,1,1,2,0,0,0,0,1,1,1,0,0,0,0,0.5,0.5,0,0
9991,3,13,228,1,1,6,6,2,114,114,0,0,0,0,0.5,0.5,0,0
4899,2,9,112,0,1,4,4,2,51,61,0,0,0,0,0.01,0.99,0,0
10204,3,5,197,1,1,3,1,2,97,100,0,0,0,0,0.525,0.475,1,1
3850,2,5,103,0,1,2,2,2,48,55,0,0,0,0,0.025000000000000022,0.975,0,0
2029,1,9,59,0,0,5,3,2,30,29,0,0,0,0,0.625,0.375,1,1
0,1,1,1,0,0,0,0,1,1,0,0,0,0,0,0.525,0.475,1,1
71,1,1,3,0,0,0,0,1,3,0,0,0,0,0,0.575,0.42500000000000004,1,1
7856,3,10,190,0,2,4,5,2,90,100,0,0,0,0,0.01,0.99,0,0
688,1,5,21,0,0,2,2,2,9,12,0,0,0,0,0.425,0.575,0,0
9594,4,4,199,2,1,1,2,2,101,98,0,0,0,0,0.725,0.275,1,1
9448,1,4,20,0,0,2,1,2,10,10,0,0,0,0,0.55,0.44999999999999996,1,1
1902,1,8,49,0,0,2,5,1,20,29,0,1,0,1,0.125,0.875,0,0
1850,1,8,49,0,0,3,4,2,23,26,0,0,0,0,0.375,0.625,0,0
11753,4,4,249,2,1,0,3,1,128,121,0,0,0,0,0.725,0.275,1,1
10405,4,8,228,2,1,4,3,1,119,109,0,1,0,0,0.99,0.010000000000000009,1,1
14041,4,12,297,2,1,6,5,1,155,142,0,0,0,0,0.99,0.010000000000000009,1,1
16995,4,5,221,2,1,2,2,2,117,104,0,0,0,0,0.99,0.010000000000000009,1,1
9431,4,4,203,2,1,2,1,1,108,95,0,0,0,0,0.99,0.010000000000000009,1,1
2424,1,11,63,0,0,5,5,1,32,31,0,0,0,0,0.525,0.475,1,1
1451,1,4,30,0,0,0,3,1,11,19,0,1,0,1,0.15000000000000002,0.85,0,0
4613,2,6,101,1,0,1,4,1,48,53,0,0,0,0,0.525,0.475,1,1
8045,3,6,184,1,1,3,2,2,93,91,0,0,0,0,0.6,0.4,1,1
5203,2,7,117,1,0,3,3,2,60,57,0,0,0,0,0.875,0.125,1,1
10608,3,13,222,1,1,6,6,1,112,110,0,0,0,0,0.55,0.44999999999999996,1,1
1482,1,7,39,0,0,4,2,2,23,16,0,0,0,0,0.775,0.22499999999999998,1,1
6330,3,11,144,0,2,5,5,2,59,85,0,0,0,0,0.01,0.99,0,0
4159,2,6,92,0,1,4,1,2,49,43,0,0,0,0,0.5,0.5,0,0
1307,1,7,37,0,0,3,3,1,19,18,0,0,0,0,0.525,0.475,1,1
1822,1,6,44,0,0,3,2,1,22,22,0,1,0,0,0.55,0.44999999999999996,1,1
1861,1,9,47,0,0,3,5,2,21,26,0,0,0,0,0.275,0.725,0,0
5897,3,7,162,2,0,3,3,2,86,76,0,0,0,0,0.99,0.010000000000000009,1,1
12949,2,6,107,1,0,2,3,1,53,54,0,0,0,0,0.725,0.275,1,1
1753,1,8,47,0,0,3,4,2,25,22,0,0,0,0,0.525,0.475,1,1
999,1,5,29,0,0,3,1,2,16,13,1,0,0,0,0.675,0.32499999999999996,1,1
9313,4,1,247,2,1,0,0,2,129,118,0,0,0,0,0.975,0.025000000000000022,1,1
17297,4,7,229,2,1,3,3,2,123,106,0,0,0,0,0.99,0.010000000000000009,1,1
4365,3,1,97,0,2,0,0,2,34,63,0,0,0,0,0.01,0.99,0,0
7460,3,10,165,1,1,4,5,2,75,90,0,0,0,0,0.07500000000000001,0.925,0,0
4204,3,2,116,2,0,1,0,2,69,47,0,0,0,0,0.99,0.010000000000000009,1,1
885,1,4,22,0,0,1,2,1,11,11,0,0,0,0,0.45,0.55,0,0
16658,5,9,328,2,2,5,3,2,164,164,0,0,0,0,0.6,0.4,1,1
3958,2,5,88,0,1,3,1,2,42,46,0,0,0,0,0.19999999999999996,0.8,0,0
16324,4,3,202,2,1,1,1,2,107,95,0,0,0,0,0.99,0.010000000000000009,1,1
1763,1,10,45,0,0,4,5,1,21,24,0,0,0,0,0.375,0.625,0,0
7282,3,2,154,1,1,0,1,2,76,78,0,0,0,0,0.4,0.6,0,0
20582,4,13,282,2,1,6,6,1,147,135,0,0,0,0,0.99,0.010000000000000009,1,1
4000,2,9,111,1,0,4,4,2,58,53,0,0,0,0,0.925,0.07499999999999996,1,1
3273,2,5,91,1,0,3,1,2,51,40,0,0,0,0,0.99,0.010000000000000009,1,1
4787,3,4,122,1,1,1,2,2,58,64,0,0,0,0,0.3,0.7,0,0
3774,2,4,85,1,0,0,3,1,40,45,0,1,0,0,0.525,0.475,1,1
7602,4,2,213,2,1,1,0,2,114,99,0,0,0,0,0.99,0.010000000000000009,1,1
2998,2,3,83,1,0,2,0,2,45,38,0,0,0,0,0.99,0.010000000000000009,1,1
2460,2,3,67,1,0,1,1,2,36,31,0,0,0,0,0.925,0.07499999999999996,1,1
2959,1,13,78,0,0,6,6,2,34,44,0,0,0,0,0.25,0.75,0,0
3808,2,5,92,1,0,2,2,2,54,38,1,0,1,0,0.99,0.010000000000000009,1,1
7192,3,6,171,0,2,2,3,2,82,89,0,0,0,0,0.01,0.99,0,0
3870,2,3,96,0,1,1,1,1,46,50,0,0,0,0,0.09999999999999998,0.9,0,0
6381,3,1,139,2,0,0,0,2,72,67,0,0,0,0,0.99,0.010000000000000009,1,1
1285,1,6,33,0,0,3,2,1,20,13,0,0,0,0,0.725,0.275,1,1
2761,1,12,72,0,0,6,5,2,39,33,1,0,1,0,0.7,0.30000000000000004,1,1
9103,4,2,224,1,2,1,0,2,112,112,0,0,0,0,0.35,0.65,0,0
20679,4,13,284,2,1,6,6,2,147,137,0,0,0,0,0.95,0.050000000000000044,1,1
7273,3,13,206,2,0,6,6,2,109,97,0,0,0,0,0.99,0.010000000000000009,1,1
3692,2,6,92,1,0,1,4,1,47,45,0,0,0,0,0.7,0.30000000000000004,1,1
10412,1,8,46,0,0,4,3,2,23,23,0,0,0,0,0.55,0.44999999999999996,1,1
5840,2,10,117,0,1,4,5,2,55,62,0,0,0,0,0.01,0.99,0,0
12767,4,6,256,2,1,2,3,1,129,127,0,0,0,0,0.7,0.30000000000000004,1,1
13521,2,9,122,1,0,4,4,2,61,61,0,0,0,0,0.8,0.19999999999999996,1,1
3467,2,6,95,1,0,4,1,1,54,41,0,0,0,0,0.99,0.010000000000000009,1,1
5896,2,10,134,1,0,5,4,1,71,63,0,0,0,0,0.99,0.010000000000000009,1,1
5163,2,9,102,0,1,4,4,1,45,57,0,0,0,0,0.01,0.99,0,0
7843,4,8,207,1,2,3,4,1,92,115,0,0,0,0,0.01,0.99,0,0
5566,3,2,144,0,2,0,1,1,61,83,0,0,0,0,0.01,0.99,0,0
4951,2,3,114,1,0,0,2,1,59,55,0,0,0,0,0.8,0.19999999999999996,1,1
9569,3,5,184,1,1,3,1,2,90,94,0,0,0,0,0.5,0.5,0,0
9849,3,13,198,0,2,6,6,2,95,103,0,0,0,0,0.01,0.99,0,0
10203,5,7,264,2,2,3,3,2,125,139,1,0,1,0,0.14999999999999997,0.8500000000000001,0,0
6333,3,1,159,0,2,0,0,1,75,84,0,0,0,0,0.01,0.99,0,0
6195,3,12,172,2,0,6,5,2,100,72,1,0,0,0,0.99,0.010000000000000009,1,1
62,1,1,3,0,0,0,0,2,0,3,0,0,0,0,0.425,0.575,0,0
2977,2,6,74,0,1,3,2,2,36,38,0,0,0,0,0.2,0.8,0,0
7360,4,6,189,1,2,3,2,2,94,95,0,0,0,0,0.325,0.675,0,0
5367,3,4,146,2,0,1,2,1,79,67,0,0,0,0,0.99,0.010000000000000009,1,1
5513,2,8,130,0,1,5,2,1,66,64,0,0,0,0,0.4,0.6,0,0
6236,3,1,145,0,2,0,0,1,70,75,0,0,0,0,0.01,0.99,0,0
6329,4,1,161,1,2,0,0,1,79,82,0,0,0,0,0.22499999999999998,0.775,0,0
10693,4,9,216,2,1,5,3,1,117,99,0,0,0,0,0.99,0.010000000000000009,1,1
4573,2,6,120,0,1,2,3,1,54,66,0,0,0,0,0.01,0.99,0,0
564,1,4,17,0,0,1,2,1,7,10,0,0,0,0,0.375,0.625,0,0
3548,2,1,87,0,1,0,0,1,43,44,0,0,0,0,0.175,0.825,0,0
10170,4,7,222,2,1,4,2,2,116,106,0,0,0,0,0.99,0.010000000000000009,1,1
8774,4,1,178,2,1,0,0,1,93,85,0,0,0,0,0.9,0.09999999999999998,1,1
2324,2,2,60,1,0,0,1,1,35,25,0,0,0,0,0.99,0.010000000000000009,1,1
5924,2,13,151,0,1,6,6,1,72,79,0,0,0,0,0.025000000000000022,0.975,0,0
13726,3,4,135,2,0,1,2,2,74,61,0,0,0,0,0.99,0.010000000000000009,1,1
795,1,4,21,0,0,1,2,1,8,13,0,0,0,0,0.325,0.675,0,0
9200,4,3,227,1,2,1,1,1,113,114,0,0,0,0,0.275,0.725,0,0
3459,2,1,75,1,0,0,0,2,40,35,0,0,0,0,0.925,0.07499999999999996,1,1
11017,4,10,244,2,1,5,4,1,128,116,0,0,0,0,0.99,0.010000000000000009,1,1
6529,3,5,147,1,1,3,1,2,78,69,0,0,0,0,0.825,0.17500000000000004,1,1
10341,4,8,226,2,1,4,3,1,118,108,0,0,0,0,0.99,0.010000000000000009,1,1
13496,5,8,287,2,2,4,3,2,147,140,0,0,0,0,0.725,0.275,1,1
882,1,4,23,0,0,1,2,1,12,11,0,0,0,0,0.475,0.525,0,0
155,1,2,6,0,0,0,1,1,1,5,0,0,0,0,0.35,0.65,0,0
7506,3,6,188,0,2,3,2,2,90,98,0,0,0,0,0.01,0.99,0,0
10151,5,1,282,2,2,0,0,2,144,138,0,0,0,0,0.65,0.35,1,1
11495,4,7,262,1,2,2,4,2,127,135,0,0,0,0,0.01,0.99,0,0
5979,2,13,140,0,1,6,6,2,66,74,0,0,0,0,0.01,0.99,0,0
74,1,1,4,0,0,0,0,2,0,4,0,0,0,0,0.4,0.6,0,0
8481,4,13,221,1,2,6,6,1,111,110,0,0,0,0,0.325,0.675,0,0
11007,4,3,232,2,1,0,2,2,119,113,0,0,0,0,0.75,0.25,1,1
15619,3,13,183,2,0,6,6,1,101,82,0,0,0,0,0.99,0.010000000000000009,1,1
5475,3,1,142,0,2,0,0,2,60,82,0,0,0,0,0.01,0.99,0,0
4329,2,8,108,0,1,5,2,2,53,55,0,0,0,0,0.3,0.7,0,0
4933,2,9,114,1,0,4,4,2,61,53,0,0,0,0,0.99,0.010000000000000009,1,1
5943,3,6,144,1,1,3,2,1,75,69,0,0,0,0,0.7,0.30000000000000004,1,1
5734,2,13,134,0,1,6,6,1,65,69,0,0,0,0,0.09999999999999998,0.9,0,0
4610,2,5,101,1,0,3,1,2,57,44,0,0,0,0,0.99,0.010000000000000009,1,1
7347,3,7,175,1,1,2,4,2,87,88,0,0,0,0,0.375,0.625,0,0
3525,2,4,87,1,0,2,1,1,48,39,0,0,0,0,0.99,0.010000000000000009,1,1
0,1,1,1,0,0,0,0,2,0,1,0,0,0,0,0.475,0.525,0,0
2364,1,10,60,0,0,5,4,2,31,29,0,0,0,0,0.6,0.4,1,1
4476,3,2,100,0,2,0,1,1,36,64,0,0,0,0,0.01,0.99,0,0
1652,1,8,45,0,0,2,5,1,19,26,0,0,0,0,0.175,0.825,0,0
6311,4,1,160,1,2,0,0,1,78,82,0,0,0,0,0.2,0.8,0,0
5068,3,7,142,2,0,3,3,1,82,60,0,0,0,0,0.99,0.010000000000000009,1,1
840,1,4,23,0,0,2,1,2,12,11,0,0,0,0,0.575,0.42500000000000004,1,1
5724,2,9,131,1,0,4,4,2,68,63,1,0,1,0,0.925,0.07499999999999996,1,1
12561,4,7,266,2,1,2,4,2,138,128,0,0,0,0,0.85,0.15000000000000002,1,1
0,1,1,1,0,0,0,0,1,0,1,0,0,0,0,0.475,0.525,0,0
1331,1,6,39,0,0,2,3,1,20,19,0,0,0,0,0.475,0.525,0,0
5786,2,12,133,1,0,6,5,1,72,61,0,1,0,0,0.99,0.010000000000000009,1,1
9756,4,5,204,2,1,1,3,1,103,101,0,0,0,0,0.65,0.35,1,1
551,1,2,15,0,0,1,0,2,8,7,0,0,0,0,0.575,0.42500000000000004,1,1
611,1,4,17,0,0,2,1,1,9,8,0,0,0,0,0.575,0.42500000000000004,1,1
456,1,3,14,0,0,1,1,2,6,8,0,0,0,0,0.45,0.55,0,0
125,1,1,5,0,0,0,0,2,3,2,0,0,0,0,0.525,0.475,1,1
288,1,1,9,0,0,0,0,1,5,4,0,0,0,0,0.525,0.475,1,1
2583,2,1,68,0,1,0,0,1,31,37,0,0,0,0,0.04999999999999999,0.95,0,0
4466,2,6,112,0,1,2,3,2,52,60,0,0,0,0,0.01,0.99,0,0
8739,4,3,192,2,1,1,1,1,102,90,0,0,0,0,0.99,0.010000000000000009,1,1
2348,2,2,64,1,0,0,1,1,36,28,0,0,0,0,0.95,0.050000000000000044,1,1
9301,4,3,231,1,2,1,1,1,115,116,0,0,0,0,0.275,0.725,0,0
0,1,1,1,0,0,0,0,1,1,0,0,0,0,0,0.525,0.475,1,1
1496,1,7,40,0,0,3,3,2,19,21,0,0,0,0,0.45,0.55,0,0
1804,1,8,50,0,0,5,2,2,28,22,0,0,0,0,0.8,0.19999999999999996,1,1
5762,3,3,148,0,2,0,2,1,68,80,0,0,0,0,0.01,0.99,0,0
8307,3,4,167,1,1,1,2,2,82,85,0,0,0,0,0.375,0.625,0,0
4826,3,1,119,1,1,0,0,2,61,58,0,0,0,0,0.575,0.42500000000000004,1,1
5348,2,7,127,0,1,4,2,2,63,64,0,0,0,0,0.275,0.725,0,0
10097,4,6,202,2,1,3,2,2,107,95,0,0,0,0,0.99,0.010000000000000009,1,1
91637,3,6,122,0,2,2,3,2,49,73,0,0,0,0,0.01,0.99,0,0
13475,4,6,259,2,1,2,3,2,130,129,0,0,0,0,0.675,0.32499999999999996,1,1
5132,3,6,124,1,1,3,2,2,66,58,0,0,0,0,0.75,0.25,1,1
9896,4,5,198,2,1,2,2,1,104,94,0,0,0,0,0.95,0.050000000000000044,1,1
9023,5,1,233,2,2,0,0,2,119,114,0,0,0,0,0.625,0.375,1,1
9634,1,5,26,0,0,2,2,1,14,12,0,0,0,0,0.55,0.44999999999999996,1,1
18115,3,11,211,2,0,5,5,1,110,101,0,0,0,0,0.99,0.010000000000000009,1,1
9354,3,9,191,1,1,4,4,1,96,95,0,0,0,0,0.525,0.475,1,1
12083,5,2,255,2,2,1,0,2,130,125,0,0,0,0,0.675,0.32499999999999996,1,1
20547,4,13,281,2,1,6,6,1,146,135,0,0,0,0,0.975,0.025000000000000022,1,1
7066,4,5,187,1,2,2,2,2,80,107,0,0,0,0,0.01,0.99,0,0
9346,3,7,197,1,1,4,2,1,103,94,0,0,0,0,0.825,0.17500000000000004,1,1
4879,2,8,113,1,0,4,3,1,59,54,0,0,0,0,0.975,0.025000000000000022,1,1
2894,2,3,68,1,0,1,1,2,38,30,0,0,0,0,0.99,0.010000000000000009,1,1
4986,2,7,100,0,1,2,4,1,46,54,0,1,0,0,0.01,0.99,0,0
9077,4,4,193,1,2,1,2,2,86,107,0,0,0,0,0.01,0.99,0,0
9403,3,12,216,1,1,6,5,2,110,106,0,0,0,0,0.65,0.35,1,1
8466,3,3,133,0,2,1,1,2,64,69,0,0,0,0,0.01,0.99,0,0
2100,2,3,59,0,1,1,1,2,24,35,0,0,0,0,0.01,0.99,0,0
4655,2,8,107,1,0,3,4,1,58,49,0,1,0,0,0.975,0.025000000000000022,1,1
16162,5,7,316,2,2,4,2,2,159,157,0,0,0,0,0.65,0.35,1,1
2946,2,1,66,1,0,0,0,2,32,34,0,0,0,0,0.75,0.25,1,1
5643,3,4,137,1,1,2,1,1,72,65,0,0,0,0,0.725,0.275,1,1
0,1,1,1,0,0,0,0,1,0,1,0,0,0,0,0.475,0.525,0,0
18787,3,13,226,2,0,6,6,2,119,107,0,0,0,0,0.99,0.010000000000000009,1,1
278,1,2,8,0,0,0,1,1,3,5,0,0,0,0,0.4,0.6,0,0
5328,2,4,122,1,0,1,2,2,63,59,0,0,0,0,0.85,0.15000000000000002,1,1
18153,4,10,250,2,1,4,5,1,131,119,0,0,0,0,0.9500000000000001,0.04999999999999993,1,1
10295,4,8,224,2,1,4,3,1,116,108,0,0,0,0,0.95,0.050000000000000044,1,1
2029,1,9,53,0,0,3,5,2,24,29,0,0,0,0,0.275,0.725,0,0
90767,3,3,104,0,2,1,1,1,43,61,0,0,0,0,0.01,0.99,0,0
528,1,2,15,0,0,0,1,1,6,9,0,0,0,0,0.375,0.625,0,0
1262,1,6,34,0,0,2,3,1,15,19,0,0,0,0,0.35,0.65,0,0
35,1,1,2,0,0,0,0,2,0,2,0,0,0,0,0.45,0.55,0,0
1403,1,5,37,0,0,2,2,2,20,17,0,0,0,0,0.575,0.42500000000000004,1,1
2531,2,2,61,1,0,0,1,1,32,29,0,0,0,0,0.825,0.17500000000000004,1,1
12390,2,3,94,1,0,1,1,2,47,47,0,0,0,0,0.8,0.19999999999999996,1,1
8213,4,5,231,2,1,2,2,1,122,109,0,0,0,0,0.99,0.010000000000000009,1,1
7094,2,10,162,1,0,5,4,2,86,76,0,0,0,0,0.99,0.010000000000000009,1,1
6415,4,1,169,1,2,0,0,2,71,98,0,0,0,0,0.01,0.99,0,0
12625,2,4,100,1,0,1,2,1,50,50,0,0,0,0,0.75,0.25,1,1
8326,4,2,187,2,1,0,1,1,97,90,0,0,0,0,0.825,0.17500000000000004,1,1
2680,2,1,66,1,0,0,0,2,35,31,0,0,0,0,0.9,0.09999999999999998,1,1
154,1,1,6,0,0,0,0,2,3,3,1,0,0,0,0.5,0.5,0,0
447,1,2,11,0,0,1,0,2,6,5,0,0,0,0,0.575,0.42500000000000004,1,1
9043,5,2,233,2,2,1,0,1,109,124,0,0,0,0,0.175,0.825,0,0
13140,4,5,253,2,1,2,2,1,128,125,0,1,0,1,0.775,0.22499999999999998,1,1
3744,2,4,83,0,1,2,1,2,42,41,0,0,0,0,0.275,0.725,0,0
4125,2,6,95,1,0,0,5,1,42,53,0,0,0,0,0.27499999999999997,0.7250000000000001,0,0
7201,3,6,171,1,1,2,3,1,85,86,0,1,0,1,0.425,0.575,0,0
6678,3,12,151,0,2,5,6,1,62,89,0,0,0,0,0.01,0.99,0,0
8137,3,9,181,2,0,5,3,2,99,82,1,0,0,0,0.99,0.010000000000000009,1,1
12745,5,5,270,2,2,2,2,1,137,133,0,0,0,0,0.6,0.4,1,1
4172,2,5,83,0,1,1,3,1,37,46,0,0,0,0,0.01,0.99,0,0
4328,3,3,120,2,0,1,1,1,70,50,0,0,0,0,0.99,0.010000000000000009,1,1
4410,2,8,103,1,0,3,4,1,56,47,0,0,0,0,0.975,0.025000000000000022,1,1
1404,1,8,38,0,0,3,4,1,19,19,0,0,0,0,0.45,0.55,0,0
9216,4,11,260,2,1,5,5,1,136,124,0,0,0,0,0.99,0.010000000000000009,1,1
140,1,1,5,0,0,0,0,2,3,2,1,0,0,0,0.525,0.475,1,1
2540,1,9,57,0,0,3,5,2,27,30,0,0,0,0,0.325,0.675,0,0
21,1,1,2,0,0,0,0,1,2,0,0,0,0,0,0.55,0.44999999999999996,1,1
9648,4,3,256,2,1,2,0,2,135,121,0,0,0,0,0.99,0.010000000000000009,1,1
13296,2,8,116,1,0,3,4,1,58,58,0,0,0,0,0.75,0.25,1,1
2332,2,1,56,1,0,0,0,2,30,26,0,0,0,0,0.9,0.09999999999999998,1,1
6732,4,2,160,2,1,1,0,2,87,73,0,0,0,0,0.99,0.010000000000000009,1,1
3506,2,7,97,1,0,3,3,2,51,46,0,0,0,0,0.925,0.07499999999999996,1,1
7716,4,9,192,2,1,5,3,1,108,84,0,0,0,0,0.99,0.010000000000000009,1,1
1191,1,5,36,0,0,3,1,2,18,18,0,0,0,0,0.6,0.4,1,1
4945,2,8,115,1,0,4,3,1,59,56,0,1,0,1,0.925,0.07499999999999996,1,1
3704,2,4,76,0,1,1,2,2,35,41,0,0,0,0,0.01,0.99,0,0
11986,4,5,255,2,1,1,3,2,131,124,0,0,0,0,0.775,0.22499999999999998,1,1
15144,5,3,292,2,2,1,1,2,145,147,0,0,0,0,0.45,0.55,0,0
6117,3,12,169,2,0,6,5,2,99,70,0,0,0,0,0.99,0.010000000000000009,1,1
10510,4,2,222,2,1,0,1,1,115,107,0,0,0,0,0.85,0.15000000000000002,1,1
3260,1,9,74,0,0,5,3,1,40,34,0,0,0,0,0.75,0.25,1,1
4866,2,7,108,1,0,2,4,2,52,56,0,0,0,0,0.6,0.4,1,1
3610,2,4,96,1,0,2,1,2,53,43,0,0,0,0,0.99,0.010000000000000009,1,1
241,1,2,9,0,0,0,1,1,4,5,0,0,0,0,0.425,0.575,0,0
4898,2,8,127,0,1,3,4,1,56,71,0,0,0,0,0.01,0.99,0,0
22479,5,7,326,2,2,4,2,1,172,154,0,0,0,0,0.99,0.010000000000000009,1,1
14931,3,11,166,2,0,5,5,1,93,73,0,0,0,0,0.99,0.010000000000000009,1,1
7022,2,13,137,0,1,6,6,1,64,73,0,0,0,0,0.01,0.99,0,0
584,1,3,16,0,0,1,1,1,9,7,0,0,0,0,0.55,0.44999999999999996,1,1
5754,3,6,152,1,1,2,3,2,66,86,0,0,0,0,0.01,0.99,0,0
9615,3,13,194,0,2,6,6,2,94,100,0,0,0,0,0.01,0.99,0,0
10791,4,9,239,2,1,5,3,2,125,114,0,0,0,0,0.99,0.010000000000000009,1,1
1177,1,8,35,0,0,4,3,2,17,18,0,0,0,0,0.525,0.475,1,1
3992,2,6,106,1,0,3,2,2,59,47,0,0,0,0,0.99,0.010000000000000009,1,1
17455,4,7,234,2,1,3,3,2,124,110,0,0,0,0,0.99,0.010000000000000009,1,1
4208,2,7,113,0,1,3,3,2,53,60,0,0,0,0,0.025000000000000022,0.975,0,0
3087,2,6,77,0,1,3,2,2,36,41,0,0,0,0,0.125,0.875,0,0
4824,3,2,121,1,1,0,1,1,62,59,0,0,0,0,0.525,0.475,1,1
13738,4,11,292,2,1,5,5,2,153,139,1,0,1,0,0.99,0.010000000000000009,1,1
6372,4,2,162,1,2,1,0,2,80,82,0,0,0,0,0.3,0.7,0,0
8603,3,6,173,1,1,2,3,2,87,86,0,0,0,0,0.475,0.525,0,0
8939,3,5,189,1,1,3,1,1,99,90,0,0,0,0,0.825,0.17500000000000004,1,1
16633,5,9,327,2,2,5,3,2,164,163,0,0,0,0,0.625,0.375,1,1
10455,4,8,230,2,1,4,3,1,121,109,0,0,0,0,0.99,0.010000000000000009,1,1
9395,5,3,243,2,2,2,0,2,114,129,0,0,0,0,0.22499999999999998,0.775,0,0
6185,3,5,164,0,2,0,4,2,65,99,0,0,0,0,0.01,0.99,0,0
7574,3,1,146,1,1,0,0,2,70,76,0,0,0,0,0.35,0.65,0,0
6965,3,1,156,1,1,0,0,1,79,77,0,0,0,0,0.55,0.44999999999999996,1,1
0,1,1,1,0,0,0,0,2,1,0,0,0,0,0,0.525,0.475,1,1
2486,1,9,55,0,0,4,4,1,28,27,0,0,0,0,0.525,0.475,1,1
2721,2,1,59,0,1,0,0,1,28,31,0,0,0,0,0.125,0.875,0,0
9941,3,13,227,1,1,6,6,2,114,113,0,0,0,0,0.525,0.475,1,1
2443,2,1,66,1,0,0,0,2,35,31,0,0,0,0,0.9,0.09999999999999998,1,1
4704,3,1,114,1,1,0,0,2,58,56,1,0,1,0,0.55,0.44999999999999996,1,1
11262,4,6,257,1,2,2,3,1,126,131,0,0,0,0,0.125,0.875,0,0
6360,3,9,154,2,0,5,3,1,87,67,0,0,0,0,0.99,0.010000000000000009,1,1
1417,1,7,38,0,0,3,3,1,21,17,0,0,0,0,0.6,0.4,1,1
1301,1,6,34,0,0,3,2,1,20,14,0,0,0,0,0.7,0.30000000000000004,1,1
2672,1,11,67,0,0,5,5,2,33,34,0,0,0,0,0.475,0.525,0,0
7351,3,1,141,1,1,0,0,2,67,74,0,0,0,0,0.32499999999999996,0.675,0,0
9704,4,5,239,1,2,2,2,1,118,121,0,0,0,0,0.22499999999999998,0.775,0,0
11032,5,6,306,2,2,2,3,1,157,149,0,0,0,0,0.65,0.35,1,1
0,1,1,1,0,0,0,0,1,1,0,0,0,0,0,0.525,0.475,1,1
10147,4,7,221,2,1,4,2,2,116,105,0,0,0,0,0.99,0.010000000000000009,1,1
4801,2,8,121,0,1,3,4,2,58,63,0,0,0,0,0.025000000000000022,0.975,0,0
6625,3,5,150,1,1,3,1,2,80,70,1,0,0,0,0.85,0.15000000000000002,1,1
10300,4,1,217,2,1,0,0,2,113,104,0,0,0,0,0.925,0.07499999999999996,1,1
7168,3,2,162,1,1,1,0,2,82,80,0,0,0,0,0.6,0.4,1,1
7979,3,1,122,0,2,0,0,2,57,65,0,0,0,0,0.01,0.99,0,0
116,1,1,5,0,0,0,0,2,1,4,0,0,0,0,0.425,0.575,0,0
5719,2,5,133,1,0,1,3,1,69,64,0,0,0,0,0.825,0.17500000000000004,1,1
16798,5,10,330,2,2,5,4,1,165,165,0,0,0,0,0.55,0.44999999999999996,1,1
10613,4,8,214,2,1,4,3,2,115,99,0,0,0,0,0.99,0.010000000000000009,1,1
457,1,3,15,0,0,1,1,1,6,9,0,1,0,1,0.425,0.575,0,0
168,1,2,6,0,0,0,1,1,2,4,0,0,0,0,0.4,0.6,0,0
10576,1,9,51,0,0,4,4,1,25,26,0,0,0,0,0.475,0.525,0,0
5740,2,10,112,0,1,5,4,2,52,60,0,0,0,0,0.04999999999999999,0.95,0,0
16702,4,5,212,2,1,2,2,2,113,99,0,0,0,0,0.99,0.010000000000000009,1,1
3146,2,2,82,1,0,1,0,2,46,36,0,0,0,0,0.99,0.010000000000000009,1,1
3162,2,2,70,0,1,1,0,2,35,35,0,0,0,0,0.25,0.75,0,0
0,1,1,1,0,0,0,0,2,0,1,0,0,0,0,0.475,0.525,0,0
5222,2,11,136,0,1,5,5,2,63,73,0,0,0,0,0.01,0.99,0,0
3976,2,5,89,0,1,3,1,2,43,46,0,0,0,0,0.22499999999999998,0.775,0,0
0,1,1,1,0,0,0,0,2,1,0,0,0,0,0,0.525,0.475,1,1
7328,4,6,194,1,2,2,3,1,84,110,0,0,0,0,0.01,0.99,0,0
9589,5,4,247,2,2,2,1,1,118,129,0,0,0,0,0.27499999999999997,0.7250000000000001,0,0
5842,3,7,155,1,1,2,4,1,69,86,0,0,0,0,0.01,0.99,0,0
1886,1,9,48,0,0,3,5,2,22,26,0,0,0,0,0.3,0.7,0,0
765,1,3,17,0,0,0,2,2,6,11,0,0,0,0,0.275,0.725,0,0
1338,1,6,34,0,0,2,3,1,17,17,0,0,0,0,0.45,0.55,0,0
3666,2,5,91,1,0,3,1,2,52,39,0,0,0,0,0.99,0.010000000000000009,1,1
845,1,5,24,0,0,2,2,1,13,11,0,0,0,0,0.55,0.44999999999999996,1,1
2923,2,3,80,1,0,2,0,2,45,35,0,0,0,0,0.99,0.010000000000000009,1,1
8024,4,8,191,2,1,5,2,2,106,85,0,0,0,0,0.99,0.010000000000000009,1,1
6826,3,3,173,0,2,1,1,1,83,90,0,0,0,0,0.01,0.99,0,0
3533,2,4,73,0,1,1,2,2,33,40,0,0,0,0,0.01,0.99,0,0
4976,3,3,121,1,1,2,0,2,64,57,0,0,0,0,0.775,0.22499999999999998,1,1
6609,4,2,162,2,1,0,1,1,84,78,0,1,0,1,0.8,0.19999999999999996,1,1
4327,2,10,112,0,1,5,4,1,57,55,0,0,0,0,0.3,0.7,0,0
2032,1,8,49,0,0,4,3,2,26,23,0,0,0,0,0.625,0.375,1,1
5871,2,13,137,0,1,6,6,1,66,71,0,0,0,0,0.07500000000000001,0.925,0,0
9906,5,6,256,2,2,3,2,1,121,135,0,0,0,0,0.19999999999999996,0.8,0,0
6440,4,1,152,2,1,0,0,1,83,69,0,0,0,0,0.99,0.010000000000000009,1,1
3030,1,13,75,0,0,6,6,1,35,40,0,0,0,0,0.375,0.625,0,0
532,1,2,13,0,0,1,0,2,8,5,0,0,0,0,0.625,0.375,1,1
6136,3,5,161,0,2,0,4,2,65,96,0,0,0,0,0.01,0.99,0,0
1771,1,7,47,0,0,3,3,1,24,23,0,0,0,0,0.525,0.475,1,1
12303,4,6,260,2,1,1,4,1,133,127,0,0,0,0,0.7,0.30000000000000004,1,1
140,1,2,5,0,0,0,1,1,1,4,0,0,0,0,0.375,0.625,0,0
10783,5,10,278,2,2,5,4,1,132,146,0,0,0,0,0.19999999999999996,0.8,0,0
6832,3,4,160,0,2,1,2,2,76,84,0,0,0,0,0.01,0.99,0,0
667,1,4,19,0,0,2,1,1,11,8,0,0,0,0,0.625,0.375,1,1
5242,2,7,119,1,0,3,3,2,60,59,0,0,0,0,0.825,0.17500000000000004,1,1
16588,3,4,172,2,0,2,1,2,90,82,1,0,0,0,0.99,0.010000000000000009,1,1
90562,3,1,99,0,2,0,0,1,42,57,0,0,0,0,0.01,0.99,0,0
1954,1,8,46,0,0,4,3,2,23,23,0,0,0,0,0.55,0.44999999999999996,1,1
6381,3,2,129,0,2,1,0,2,61,68,0,0,0,0,0.01,0.99,0,0
6222,4,1,151,2,1,0,0,1,84,67,0,0,0,0,0.99,0.010000000000000009,1,1
5168,3,3,140,2,0,1,1,2,76,64,0,0,0,0,0.99,0.010000000000000009,1,1
5482,3,3,121,1,1,1,1,2,64,57,0,0,0,0,0.675,0.32499999999999996,1,1
4238,2,4,96,1,0,2,1,1,53,43,0,0,0,0,0.99,0.010000000000000009,1,1
803,1,3,18,0,0,0,2,2,7,11,0,0,0,0,0.3,0.7,0,0
6149,2,7,142,1,0,2,4,1,73,69,0,0,0,0,0.8,0.19999999999999996,1,1
16126,4,2,195,2,1,0,1,1,104,91,0,0,0,0,0.975,0.025000000000000022,1,1
5837,2,12,134,1,0,6,5,1,73,61,0,1,0,0,0.99,0.010000000000000009,1,1
4848,2,8,125,0,1,3,4,1,55,70,0,0,0,0,0.01,0.99,0,0
1789,1,10,50,0,0,5,4,2,24,26,0,0,0,0,0.5,0.5,0,0
13886,4,8,268,2,1,3,4,2,134,134,0,0,0,0,0.65,0.35,1,1
1314,1,6,37,0,0,3,2,1,18,19,0,0,0,0,0.525,0.475,1,1
4052,2,2,93,1,0,0,1,2,48,45,0,0,0,0,0.825,0.17500000000000004,1,1
3174,2,6,81,1,0,2,3,1,46,35,0,0,0,0,0.99,0.010000000000000009,1,1
8182,3,2,127,0,2,0,1,1,60,67,0,0,0,0,0.01,0.99,0,0
21405,5,2,298,2,2,1,0,2,154,144,0,0,0,0,0.8,0.19999999999999996,1,1
8367,3,9,171,1,1,5,3,2,89,82,0,0,0,0,0.775,0.22499999999999998,1,1
7410,2,13,111,0,1,6,6,1,53,58,0,0,0,0,0.07500000000000001,0.925,0,0
7429,4,6,191,1,2,3,2,2,94,97,0,0,0,0,0.275,0.725,0,0
5015,2,10,129,0,1,4,5,1,60,69,0,0,0,0,0.01,0.99,0,0
8776,3,4,139,0,2,1,2,1,67,72,0,0,0,0,0.01,0.99,0,0
4293,2,2,100,1,0,0,1,2,51,49,1,0,0,0,0.8,0.19999999999999996,1,1
9003,5,2,232,2,2,1,0,1,109,123,0,0,0,0,0.19999999999999996,0.8,0,0
8561,3,3,135,0,2,1,1,2,64,71,0,0,0,0,0.01,0.99,0,0
4689,3,1,117,1,1,0,0,2,60,57,0,0,0,0,0.575,0.42500000000000004,1,1
2223,2,1,57,0,1,0,0,1,25,32,0,0,0,0,0.025000000000000022,0.975,0,0
21149,5,1,290,2,2,0,0,1,151,139,0,0,0,0,0.8,0.19999999999999996,1,1
3433,2,7,88,0,1,4,2,1,44,44,0,0,0,0,0.3,0.7,0,0
5606,3,6,153,2,0,2,3,1,80,73,0,0,0,0,0.99,0.010000000000000009,1,1
9232,3,8,209,2,0,5,2,2,116,93,0,0,0,0,0.99,0.010000000000000009,1,1
678,1,4,19,0,0,1,2,1,7,12,0,0,0,0,0.325,0.675,0,0
15461,5,7,315,2,2,5,1,1,160,155,0,0,0,0,0.825,0.17500000000000004,1,1
3005,2,3,78,0,1,1,1,1,35,43,0,0,0,0,0.01,0.99,0,0
91813,3,7,126,0,2,2,4,1,49,77,0,0,0,0,0.01,0.99,0,0
9676,5,4,250,2,2,3,0,1,130,120,0,0,0,0,0.9,0.09999999999999998,1,1
181,1,2,6,0,0,0,1,1,2,4,0,0,0,0,0.4,0.6,0,0
9958,3,9,211,1,1,5,3,1,111,100,0,0,0,0,0.875,0.125,1,1
11978,4,2,239,2,1,0,1,1,121,118,0,0,0,0,0.725,0.275,1,1
617,1,3,19,0,0,1,1,1,11,8,0,0,0,0,0.575,0.42500000000000004,1,1
2035,1,7,44,0,0,1,5,2,16,28,0,0,0,0,0.01,0.99,0,0
2238,1,9,52,0,0,5,3,1,28,24,0,0,0,0,0.7,0.30000000000000004,1,1
5681,3,5,138,1,1,3,1,2,72,66,0,0,0,0,0.75,0.25,1,1
2687,2,3,65,1,0,1,1,2,36,29,0,0,0,0,0.975,0.025000000000000022,1,1
420,1,3,14,0,0,1,1,2,5,9,0,0,0,0,0.4,0.6,0,0
4397,2,6,99,0,1,3,2,1,46,53,0,0,0,0,0.07499999999999996,0.925,0,0
7637,3,8,183,1,1,2,5,1,90,93,0,0,0,0,0.275,0.725,0,0
6853,4,5,170,2,1,2,2,1,93,77,0,0,0,0,0.99,0.010000000000000009,1,1
1497,1,7,43,0,0,4,2,2,23,20,0,0,0,0,0.675,0.32499999999999996,1,1
221,1,2,7,0,0,0,1,1,2,5,0,0,0,0,0.375,0.625,0,0
403,1,1,10,0,0,0,0,2,4,6,0,0,0,0,0.45,0.55,0,0
8445,4,12,220,1,2,6,5,2,110,110,0,0,0,0,0.35,0.65,0,0
7330,3,8,201,1,1,3,4,2,104,97,1,0,0,0,0.625,0.375,1,1
3412,2,3,76,1,0,0,2,2,36,40,0,0,0,0,0.6,0.4,1,1
253,1,2,9,0,0,1,0,2,5,4,0,0,0,0,0.575,0.42500000000000004,1,1
7188,4,6,177,2,1,3,2,2,99,78,0,0,0,0,0.99,0.010000000000000009,1,1
245,1,1,7,0,0,0,0,2,3,4,0,0,0,0,0.475,0.525,0,0
8645,3,12,215,0,2,6,5,2,107,108,0,0,0,0,0.01,0.99,0,0
6284,3,13,175,2,0,6,6,1,101,74,0,0,0,0,0.99,0.010000000000000009,1,1
1447,1,9,42,0,0,4,4,1,20,22,0,0,0,0,0.45,0.55,0,0
11079,5,6,308,2,2,2,3,1,158,150,0,0,0,0,0.65,0.35,1,1
1888,1,8,49,0,0,2,5,1,23,26,0,0,0,0,0.275,0.725,0,0
3822,2,3,87,1,0,1,1,2,46,41,0,0,0,0,0.925,0.07499999999999996,1,1
4869,2,8,126,0,1,3,4,1,56,70,0,0,0,0,0.01,0.99,0,0
2772,2,3,71,0,1,1,1,2,36,35,1,0,1,0,0.22500000000000003,0.7749999999999999,0,0
11276,1,12,67,0,0,6,5,2,34,33,0,0,0,0,0.575,0.42500000000000004,1,1
3612,2,7,100,1,0,5,1,2,57,43,0,0,0,0,0.99,0.010000000000000009,1,1
2433,1,9,58,0,0,5,3,1,31,27,0,0,0,0,0.7,0.30000000000000004,1,1
6807,3,3,172,0,2,1,1,1,83,89,0,0,0,0,0.01,0.99,0,0
1943,1,8,51,0,0,2,5,1,24,27,0,0,0,0,0.275,0.725,0,0
1019,1,6,27,0,0,2,3,1,12,15,0,0,0,0,0.375,0.625,0,0
18407,3,12,216,2,0,6,5,2,113,103,0,0,0,0,0.99,0.010000000000000009,1,1
5596,3,5,139,1,1,3,1,2,74,65,0,0,0,0,0.825,0.17500000000000004,1,1
2527,2,4,65,0,1,1,2,1,26,39,0,0,0,0,0.01,0.99,0,0
3736,2,4,81,0,1,2,1,1,37,44,0,0,0,0,0.07499999999999996,0.925,0,0
12795,4,6,257,2,1,2,3,1,130,127,0,0,0,0,0.725,0.275,1,1
190,1,2,6,0,0,1,0,2,4,2,0,0,0,0,0.6,0.4,1,1
2965,2,3,74,0,1,2,0,1,37,37,0,0,0,0,0.3,0.7,0,0
2568,1,11,68,0,0,5,5,1,33,35,0,0,0,0,0.45,0.55,0,0
3701,2,6,96,0,1,3,2,1,48,48,0,0,0,0,0.25,0.75,0,0
6988,3,4,142,0,2,2,1,2,67,75,0,0,0,0,0.01,0.99,0,0
2711,2,6,75,0,1,2,3,1,32,43,0,0,0,0,0.01,0.99,0,0
7954,4,8,188,2,1,5,2,2,105,83,0,0,0,0,0.99,0.010000000000000009,1,1
990,1,4,26,0,0,1,2,1,14,12,0,0,0,0,0.5,0.5,0,0
866,1,3,24,0,0,0,2,2,11,13,0,0,0,0,0.35,0.65,0,0
13671,4,11,291,2,1,5,5,2,152,139,0,0,0,0,0.99,0.010000000000000009,1,1
